Protein_A,ID_A,Protein_B,ID_B,Confidence_Score,Experiments,PMIDs,Sources
AL1A1_HUMAN,216,AL1A1_HUMAN,216,0.76,"in vivo,Two-hybrid","12081471,16189514,25416956","HPRD,BioGRID,IntAct,MINT,I2D,Rual05"
ITA7_HUMAN,3679,ACHA_HUMAN,1134,0.73,"in vivo,Affinity Capture-Western,affinity chromatography technology",10910772,"HPRD,BioGRID,I2D"
NEB1_HUMAN,55607,ACTG_HUMAN,71,0.65,"in vitro,in vivo","9362513,12052877",HPRD
SRGN_HUMAN,5552,CD44_HUMAN,960,0.63,in vivo,"9334256,16189514,16713569","HPRD,I2D,Rual05,Lim06"
GRB7_HUMAN,2886,ERBB2_HUMAN,2064,0.9,"in vitro,in vivo,Reconstituted Complex,protein array,affinity chromatography technology,nuclear magnetic resonance,x-ray crystallography,competition binding,pull down","9079677,16273093,12975581,12061724,17875712,7907978,22973453","HPRD,BioGRID,MINT,I2D,IntAct"
PAK1_HUMAN,5058,ERBB2_HUMAN,2064,0.73,"in vivo,Affinity Capture-Western,affinity chromatography technology",9774445,"HPRD,BioGRID,I2D,STRING"
DLG4_HUMAN,1742,ERBB2_HUMAN,2064,0.88,"in vivo,Two-hybrid,Affinity Capture-Western,Co-fractionation,affinity chromatography technology,biochemical","10839362,16713569","HPRD,BioGRID,I2D,Lim06"
P85B_HUMAN,5296,ERBB2_HUMAN,2064,0.9,"in vivo,Reconstituted Complex,Biochemical Activity,protein array,pull down,enzymatic study","1334406,16273093,16729043,22973453","HPRD,BioGRID,MINT,I2D,IntAct,KEGG,STRING"
PTN18_HUMAN,26469,ERBB2_HUMAN,2064,0.88,"in vitro,pull down,anti tag coimmunoprecipitation,x-ray crystallography,phosphatase assay","14660651,25081058","HPRD,I2D,IntAct"
LAP2_HUMAN,55914,ERBB2_HUMAN,2064,0.97,"in vitro,in vivo,Reconstituted Complex,Two-hybrid,Affinity Capture-Western,affinity chromatography technology,pull down,x-ray crystallography","11278603,10878805,12379659,12444095,25288731,22564389",species:Mus musculus (Mouse)
SMUF2_HUMAN,64750,RHG05_HUMAN,394,0.94,"Two-hybrid,affinity chromatography technology,anti tag coimmunoprecipitation","15231748,28514442,33961781",species:Mus musculus (Mouse)
MERL_HUMAN,4771,ERBB2_HUMAN,2064,0.8,"in vitro,in vivo,fluorescent resonance energy transfer","12118253,28628118,28205554","HPRD,I2D,BioGRID"
CD82_HUMAN,3732,ERBB2_HUMAN,2064,0.73,"in vivo,Affinity Capture-Western,affinity chromatography technology",14576349,"HPRD,BioGRID,I2D,STRING"
ERRFI_HUMAN,54206,ERBB2_HUMAN,2064,0.88,"in vitro,Two-hybrid,tandem affinity purification,affinity chromatography technology","11003669,24189400,25640309","HPRD,I2D,IntAct,BioGRID"
MMP7_HUMAN,4316,CD44_HUMAN,960,0.84,"in vitro,in vivo,Affinity Capture-Western,affinity chromatography technology","11825873,16189514","HPRD,BioGRID,I2D,Rual05"
TOB1_HUMAN,10140,ERBB2_HUMAN,2064,0.55,"in vitro,in vivo",8632892,"HPRD,I2D"
MUC4_HUMAN,4585,ERBB2_HUMAN,2064,0.84,"in vivo,affinity chromatography technology,Two-hybrid","12434309,11687512,11598901,18381409,25315821","HPRD,BioGRID"
PICK1_HUMAN,9463,ERBB2_HUMAN,2064,0.77,"in vitro,in vivo,Two-hybrid,Affinity Capture-Western,affinity chromatography technology",11278603,"HPRD,BioGRID,I2D"
SMUF2_HUMAN,64750,TXNIP_HUMAN,10628,0.63,Two-hybrid,15231748,"HPRD,MINT,I2D,Colland04,IntAct,BioGRID"
DDX20_HUMAN,11218,ETV3_HUMAN,2117,0.76,"in vitro,pull down","12007404,17525531",species:Mus musculus (Mouse)
TLE1_HUMAN,7088,FOXG1_HUMAN,2290,0.86,"in vivo,affinity chromatography technology,pull down,anti bait coimmunoprecipitation","11238932,22354967,18611861,16314515,24356439","HPRD,I2D,BioGRID,IntAct"
TLE3_HUMAN,7090,FOXG1_HUMAN,2290,0.52,in vivo,11238932,"HPRD,I2D"
HDAC1_HUMAN,3065,FOXG1_HUMAN,2290,0.55,"in vitro,in vivo",11238932,HPRD
SMAD1_HUMAN,4086,FOXG1_HUMAN,2290,0.75,"in vivo,Reconstituted Complex,pull down",11387330,"HPRD,BioGRID"
KDM5B_HUMAN,10765,FOXG1_HUMAN,2290,0.86,"in vivo,Two-hybrid,Affinity Capture-Western,affinity chromatography technology","12657635,17973255","HPRD,BioGRID"
CD4_HUMAN,920,CD44_HUMAN,960,0.62,in vitro,"7539755,16189514","HPRD,I2D,Rual05"
SMUF2_HUMAN,64750,DAB2_HUMAN,1601,0.73,Two-hybrid,"15231748,16713569","HPRD,MINT,I2D,Colland04,Lim06,IntAct,BioGRID"
CBL_HUMAN,867,VAV_HUMAN,7409,0.9,"in vitro,in vivo,Affinity Capture-Western,Reconstituted Complex,far western blotting,genetic interference,affinity chromatography technology,pull down","9200440,11133830,11331248,16713569,12881521,16356860,18835194,19635790,16289966","HPRD,BioGRID,DIP,I2D,Lim06,MINT,IntAct"
PLCG1_HUMAN,5335,VAV_HUMAN,7409,0.95,"in vitro,in vivo,Affinity Capture-Western,affinity chromatography technology,fluorescent resonance energy transfer","9891995,16467851,16713569",species:Bos taurus (Bovine)
PRLR_HUMAN,5618,VAV_HUMAN,7409,0.88,"in vivo,Reconstituted Complex,Affinity Capture-Western,affinity chromatography technology,pull down","7768923,11328862","HPRD,BioGRID,I2D,STRING"
TYK2_HUMAN,7297,VAV_HUMAN,7409,0.83,"in vivo,Affinity Capture-Western,affinity chromatography technology","10673353,16189514","HPRD,BioGRID,I2D,Rual05,STRING"
SMUF2_HUMAN,64750,IDD_HUMAN,9993,0.63,Two-hybrid,15231748,"HPRD,MINT,I2D,Colland04,IntAct,BioGRID"
MK01_HUMAN,5594,VAV_HUMAN,7409,0.83,"in vivo,Affinity Capture-Western,affinity chromatography technology","9013873,8900182","HPRD,BioGRID,I2D"
VAV_HUMAN,7409,RHOG_HUMAN,391,0.52,in vitro,12376551,"HPRD,I2D"
RASH_HUMAN,3265,VAV_HUMAN,7409,0.62,in vivo,"8554611,16713569","HPRD,I2D,Lim06"
BTK_HUMAN,695,VAV_HUMAN,7409,0.73,"in vivo,Affinity Capture-Western,affinity chromatography technology",9201297,"HPRD,BioGRID,I2D"
TGFR1_HUMAN,7046,CD44_HUMAN,960,0.88,"in vitro,in vivo,Reconstituted Complex,pull down,affinity chromatography technology","12145287,15597342","HPRD,BioGRID,I2D,STRING"
KSYK_HUMAN,6850,VAV_HUMAN,7409,0.9,"in vitro,in vivo,Two-hybrid,Affinity Capture-Western,Reconstituted Complex,Biochemical Activity,enzymatic study,affinity chromatography technology,pull down","8986718,8900182,11331248,16189514,11262396","HPRD,BioGRID,I2D,Rual05"
SHB_HUMAN,6461,VAV_HUMAN,7409,0.79,"in vitro,in vivo,Affinity Capture-Western,Reconstituted Complex,affinity chromatography technology,pull down",12084069,"HPRD,BioGRID,I2D"
KPCT_HUMAN,5588,VAV_HUMAN,7409,0.73,"in vivo,Affinity Capture-Western,affinity chromatography technology",10725744,"HPRD,BioGRID,I2D"
TEC_HUMAN,7006,VAV_HUMAN,7409,0.84,"in vitro,in vivo,Affinity Capture-Western,affinity chromatography technology","7651724,11328862","HPRD,BioGRID,I2D"
IL6RB_HUMAN,3572,VAV_HUMAN,7409,0.75,"in vivo,Reconstituted Complex,pull down",9013873,"HPRD,BioGRID,I2D,STRING"
HNRPK_HUMAN,3190,VAV_HUMAN,7409,0.95,"in vitro,in vivo,Two-hybrid,Affinity Capture-Western,affinity chromatography technology","8051112,7862126,16189514,16713569",species:Mus musculus (Mouse)
SLAP1_HUMAN,6503,VAV_HUMAN,7409,0.88,"in vitro,in vivo,Affinity Capture-Western,Reconstituted Complex,affinity chromatography technology,pull down","10662792,16189514","HPRD,BioGRID,I2D,Rual05"
FAK2_HUMAN,2185,VAV_HUMAN,7409,0.86,"in vitro,in vivo,Reconstituted Complex,pull down","10867021,16713569","HPRD,BioGRID,I2D,Lim06"
EZH2_HUMAN,2146,VAV_HUMAN,7409,0.9,"in vitro,in vivo,Two-hybrid,Reconstituted Complex,Affinity Capture-Western,affinity chromatography technology,pull down","8649418,10780782,15882624,16189514","HPRD,BioGRID,I2D,Rual05"
LCP2_HUMAN,3937,VAV_HUMAN,7409,0.9,"in vitro,in vivo,Affinity Capture-Western,Reconstituted Complex,affinity chromatography technology,anti tag coimmunoprecipitation,coimmunoprecipitation,pull down","9341187,11331248,9047237,8703037,16189514,10347175,8673706,21725281,19635790","HPRD,BioGRID,I2D,Rual05,BIND,MINT,IntAct"
TGFR2_HUMAN,7048,CD44_HUMAN,960,0.52,in vivo,12145287,"HPRD,I2D,STRING"
ZYX_HUMAN,7791,VAV_HUMAN,7409,0.76,"in vitro,Two-hybrid","8622875,16189514,16713569","HPRD,I2D,Rual05,Lim06"
3BP2_HUMAN,6452,VAV_HUMAN,7409,0.9,"in vivo,Affinity Capture-Western,far western blotting,Two-hybrid,affinity chromatography technology,anti tag coimmunoprecipitation,cosedimentation through density gradient,anti bait coimmunoprecipitation,pull down","11390470,17306257,15345594,20439986","HPRD,BioGRID,MINT,I2D,IntAct"
SIAH2_HUMAN,6478,VAV_HUMAN,7409,0.89,"in vitro,in vivo,Two-hybrid,Reconstituted Complex,Affinity Capture-Western,affinity chromatography technology,pull down","10207103,16713569","HPRD,BioGRID,I2D,Lim06"
LAT_HUMAN,27040,VAV_HUMAN,7409,0.9,"in vitro,in vivo,Reconstituted Complex,Affinity Capture-Western,affinity chromatography technology,pull down,cosedimentation through density gradient","11368773,12186560,16713569,17306257","HPRD,BioGRID,I2D,Lim06,MINT,STRING"
GDIR2_HUMAN,397,VAV_HUMAN,7409,0.79,"in vitro,in vivo,Two-hybrid,Affinity Capture-Western,Reconstituted Complex,affinity chromatography technology,pull down",10664460,"HPRD,BioGRID,I2D,MIPS,STRING"
SOCS1_HUMAN,8651,VAV_HUMAN,7409,0.88,"in vitro,in vivo,Two-hybrid,Affinity Capture-Western,affinity chromatography technology","10022833,10747851,29991678","HPRD,BioGRID,I2D,BIND,STRING"
AOC3_HUMAN,8639,VAV_HUMAN,7409,0.52,in vivo,1375396,"HPRD,I2D"
NEK3_HUMAN,4752,VAV_HUMAN,7409,0.52,in vivo,15618286,"HPRD,I2D"
CBLB_HUMAN,868,VAV_HUMAN,7409,0.89,"in vivo,Affinity Capture-Western,affinity chromatography technology,Two-hybrid,far western blotting,pull down","11857085,16189514,9399639","HPRD,BioGRID,I2D,Rual05,STRING"
BLNK_HUMAN,29760,VAV_HUMAN,7409,0.83,"in vivo,Affinity Capture-Western,affinity chromatography technology","9697839,16189514","HPRD,BioGRID,I2D,Rual05,KEGG,STRING"
VAV2_HUMAN,7410,CD44_HUMAN,960,0.73,"in vitro,Affinity Capture-Western,affinity chromatography technology",11606575,"HPRD,BioGRID,I2D,STRING"
RGAP1_HUMAN,29127,VAV_HUMAN,7409,0.85,"in vivo,Reconstituted Complex,pull down","10748082,16189514","HPRD,BioGRID,I2D,Rual05"
DOCK2_HUMAN,1794,VAV_HUMAN,7409,0.73,"in vitro,Affinity Capture-Western,affinity chromatography technology",12393632,"HPRD,BioGRID,I2D"
SMUF2_HUMAN,64750,F175B_HUMAN,23172,0.63,Two-hybrid,15231748,"HPRD,MINT,I2D,Colland04,IntAct,BioGRID"
SMUF2_HUMAN,64750,GCP60_HUMAN,64746,0.63,Two-hybrid,15231748,"HPRD,MINT,I2D,Colland04,IntAct,BioGRID"
YES_HUMAN,7525,YES_HUMAN,7525,0.84,"in vitro,in vivo,affinity chromatography technology","9794236,31980649",species:Mus musculus (Mouse)
PECA1_HUMAN,5175,YES_HUMAN,7525,0.74,"in vitro,in vivo,Affinity Capture-Western,affinity chromatography technology",10858437,"HPRD,BioGRID,I2D"
CD36_HUMAN,948,YES_HUMAN,7525,0.83,"in vivo,Affinity Capture-Western,affinity chromatography technology","7521304,1715582","HPRD,BioGRID,I2D"
RL10_HUMAN,6134,YES_HUMAN,7525,0.87,"in vivo,Two-hybrid,Affinity Capture-Western,pull down,affinity chromatography technology","12138090,16741966","HPRD,BioGRID,MINT,I2D,IntAct"
RON_HUMAN,4486,YES_HUMAN,7525,0.55,"in vitro,in vivo",8918464,"HPRD,I2D"
ERBB4_HUMAN,2066,CD44_HUMAN,960,0.74,"in vitro,in vivo,Affinity Capture-Western,affinity chromatography technology",11825873,"HPRD,BioGRID,I2D,STRING"
TYRO3_HUMAN,7301,YES_HUMAN,7525,0.52,in vivo,7537495,"HPRD,I2D"
ADA12_HUMAN,8038,YES_HUMAN,7525,0.62,"in vitro,in vivo",11127814,species:Mus musculus (Mouse)
NPHN_HUMAN,4868,YES_HUMAN,7525,0.83,"in vivo,Affinity Capture-Western,affinity chromatography technology","12846735,12668668","HPRD,BioGRID,I2D"
OCLN_HUMAN,4950,YES_HUMAN,7525,0.73,"in vivo,Affinity Capture-Western,affinity chromatography technology",11950934,"HPRD,BioGRID,I2D"
DLG4_HUMAN,1742,YES_HUMAN,7525,0.52,in vivo,9892651,"HPRD,I2D"
CD2AP_HUMAN,23607,YES_HUMAN,7525,0.52,in vitro,10339567,"HPRD,I2D"
TRPV4_HUMAN,59341,YES_HUMAN,7525,0.74,"in vitro,in vivo,Affinity Capture-Western,affinity chromatography technology",12538589,"HPRD,BioGRID,I2D"
SMUF2_HUMAN,64750,SF3A2_HUMAN,8175,0.63,Two-hybrid,15231748,"HPRD,MINT,I2D,Colland04,IntAct,BioGRID"
GPVI_HUMAN,51206,YES_HUMAN,7525,0.84,"in vivo,anti bait coimmunoprecipitation,phage display","1715582,19940238","HPRD,IntAct,I2D"
ASPP2_HUMAN,7159,YES_HUMAN,7525,0.52,in vivo,11278422,"HPRD,I2D"
TIAM1_HUMAN,7074,CD44_HUMAN,960,0.76,"in vitro,in vivo,Reconstituted Complex,pull down",10636882,"HPRD,BioGRID,I2D"
SP1_HUMAN,6667,REL_HUMAN,5966,0.75,"in vitro,Reconstituted Complex,pull down",7933095,"HPRD,BioGRID,I2D"
ELF1_HUMAN,1997,REL_HUMAN,5966,0.75,"in vitro,Reconstituted Complex,pull down",7862168,"HPRD,BioGRID,I2D"
SMUF2_HUMAN,64750,ACOX3_HUMAN,8310,0.63,Two-hybrid,15231748,"HPRD,MINT,I2D,Colland04,IntAct,BioGRID,STRING"
SMUF2_HUMAN,64750,RN111_HUMAN,54778,0.63,Two-hybrid,15231748,"HPRD,MINT,I2D,Colland04,IntAct,BioGRID"
NKRF_HUMAN,55922,REL_HUMAN,5966,0.75,"in vitro,Reconstituted Complex,pull down",10562553,"HPRD,BioGRID,I2D"
TBP_HUMAN,6908,REL_HUMAN,5966,0.85,"in vitro,Reconstituted Complex,pull down","8413269,16713569","HPRD,BioGRID,I2D,Lim06"
SMUF2_HUMAN,64750,TM139_HUMAN,135932,0.63,Two-hybrid,15231748,"HPRD,MINT,I2D,Colland04,IntAct,BioGRID"
SMUF2_HUMAN,64750,LAPM5_HUMAN,7805,0.63,Two-hybrid,15231748,"HPRD,MINT,I2D,Colland04,IntAct,BioGRID"
MK08_HUMAN,5599,REL_HUMAN,5966,0.77,"in vivo,Two-hybrid,Affinity Capture-Western,affinity chromatography technology",8621542,"HPRD,BioGRID,I2D,MIPS"
SMUF2_HUMAN,64750,RU17_HUMAN,6625,0.63,Two-hybrid,15231748,"HPRD,MINT,I2D,Colland04,IntAct,BioGRID"
DMP1_HUMAN,1758,CD44_HUMAN,960,0.52,in vitro,11825898,"HPRD,I2D"
PP4C_HUMAN,5531,REL_HUMAN,5966,0.79,"in vitro,in vivo,Two-hybrid,Reconstituted Complex,Affinity Capture-Western,affinity chromatography technology,pull down",9837938,"HPRD,BioGRID,I2D"
NU155_HUMAN,9631,ZFYV9_HUMAN,9372,0.73,Two-hybrid,"16189514,15231748","HPRD,MINT,I2D,Rual05,Colland04,IntAct,BioGRID"
SUMF2_HUMAN,25870,ZFYV9_HUMAN,9372,0.73,Two-hybrid,"16189514,15231748","HPRD,MINT,I2D,Rual05,Colland04,IntAct,BioGRID"
ETS2_HUMAN,2114,ZFYV9_HUMAN,9372,0.73,Two-hybrid,"16189514,15231748","HPRD,MINT,I2D,Rual05,Colland04,IntAct,BioGRID,STRING"
SMAD7_HUMAN,4092,ZN107_HUMAN,51427,0.63,Two-hybrid,15231748,"HPRD,MINT,I2D,Colland04,IntAct,BioGRID"
SMAD7_HUMAN,4092,ZBT44_HUMAN,29068,0.63,Two-hybrid,15231748,"HPRD,Colland04"
SMAD7_HUMAN,4092,TTF2_HUMAN,8458,0.63,Two-hybrid,15231748,"HPRD,MINT,I2D,Colland04,IntAct,BioGRID"
HSP7C_HUMAN,3312,REL_HUMAN,5966,0.75,"in vitro,tandem affinity purification","2155506,14743216","HPRD,IntAct,I2D"
SMAD7_HUMAN,4092,MYOD1_HUMAN,4654,0.63,Two-hybrid,15231748,"HPRD,MINT,I2D,Colland04,IntAct,BioGRID"
TF2B_HUMAN,2959,REL_HUMAN,5966,0.75,"in vitro,Reconstituted Complex,pull down",8413269,"HPRD,BioGRID,I2D"
ARHG1_HUMAN,9138,CD44_HUMAN,960,0.83,"in vivo,Affinity Capture-Western,affinity chromatography technology","12748184,16189514","HPRD,BioGRID,I2D,Rual05"
SMAD7_HUMAN,4092,SOX5_HUMAN,6660,0.63,Two-hybrid,15231748,"HPRD,MINT,I2D,Colland04,IntAct,BioGRID"
SMAD7_HUMAN,4092,ASH1L_HUMAN,55870,0.63,Two-hybrid,15231748,"HPRD,MINT,I2D,Colland04,IntAct,BioGRID"
SMAD7_HUMAN,4092,ZBT11_HUMAN,27107,0.63,Two-hybrid,15231748,"HPRD,MINT,I2D,Colland04,IntAct,BioGRID"
REL_HUMAN,5966,CALM_HUMAN,801,0.75,"in vitro,tandem affinity purification","12556500,14743216","HPRD,IntAct,I2D"
REL_HUMAN,5966,CALM_HUMAN,805,0.75,"in vitro,tandem affinity purification","12556500,14743216","HPRD,IntAct,I2D"
REL_HUMAN,5966,CALM_HUMAN,808,0.75,"in vitro,tandem affinity purification","12556500,14743216","HPRD,IntAct,I2D"
SMAD7_HUMAN,4092,SOX13_HUMAN,9580,0.63,Two-hybrid,15231748,"HPRD,MINT,I2D,Colland04,IntAct,BioGRID"
KIT_HUMAN,3815,KIT_HUMAN,3815,0.78,"in vitro,affinity chromatography technology,enzymatic study","10377264,9799234,9949175,1379243","HPRD,I2D,BioGRID"
LYN_HUMAN,4067,KIT_HUMAN,3815,0.9,"in vitro,in vivo,Affinity Capture-Western,Reconstituted Complex,affinity chromatography technology,pull down,fluorescence polarization spectroscopy","9341198,11825908,24728074","HPRD,BioGRID,I2D,IntAct"
P85A_HUMAN,5295,KIT_HUMAN,3815,0.9,"in vitro,in vivo,Two-hybrid,Reconstituted Complex,Affinity Capture-Western,affinity chromatography technology,coimmunoprecipitation,pull down,fluorescence polarization spectroscopy,imaging technique","7509796,10022833,11071635,16713569,1382595,7537096,17452978,9233773,24728074,25241761,12878163","HPRD,BioGRID,I2D,Lim06,MINT,IntAct"
PLCG1_HUMAN,5335,KIT_HUMAN,3815,0.97,"in vivo,Reconstituted Complex,coimmunoprecipitation,pull down,fluorescence polarization spectroscopy,imaging technique,affinity chromatography technology","7536744,11071635,16713569,7537096,24728074,25241761,14647465",species:Mus musculus (Mouse)
PTN11_HUMAN,5781,KIT_HUMAN,3815,0.9,"in vitro,in vivo,Reconstituted Complex,Affinity Capture-Western,affinity chromatography technology,pull down,fluorescence polarization spectroscopy","7523381,9528781,12444928,24728074","HPRD,BioGRID,I2D,BIND,IntAct"
PP13_HUMAN,29124,ACTG_HUMAN,71,0.52,in vitro,15009185,HPRD
MERL_HUMAN,4771,CD44_HUMAN,960,0.89,"in vitro,in vivo,Affinity Capture-Western,affinity chromatography technology,fluorescent resonance energy transfer,pull down","12356905,17891137,16189514,24912773,28628118,19351837,28205554","HPRD,BioGRID,I2D,Rual05"
PTN6_HUMAN,5777,KIT_HUMAN,3815,0.9,"in vitro,in vivo,Affinity Capture-Western,Reconstituted Complex,affinity chromatography technology,pull down,anti tag coimmunoprecipitation","7684496,9528781,12614164","HPRD,BioGRID,I2D,MINT,IntAct"
KPCA_HUMAN,5578,KIT_HUMAN,3815,0.55,"in vitro,in vivo",7539802,"HPRD,I2D"
SCF_HUMAN,4254,KIT_HUMAN,3815,0.9,"in vitro,in vivo,Affinity Capture-Western,Reconstituted Complex,competition binding,x-ray crystallography,affinity chromatography technology,pull down","1375232,7680037,17662946,1379243","HPRD,BioGRID,IntAct,I2D"
SRC_HUMAN,6714,KIT_HUMAN,3815,0.87,"in vitro,fluorescence polarization spectroscopy,pull down,enzymatic study","12878163,12444928,24728074","HPRD,I2D,BioGRID,IntAct"
MATK_HUMAN,4145,KIT_HUMAN,3815,0.85,"in vitro,Reconstituted Complex,pull down","9038210,7536744","HPRD,BioGRID,I2D"
KIT_HUMAN,3815,STAT1_HUMAN,6772,0.89,"in vivo,Affinity Capture-Western,Reconstituted Complex,Biochemical Activity,enzymatic study,affinity chromatography technology,pull down,imaging technique","9355737,25241761","HPRD,BioGRID,I2D,BIND,IntAct"
PTPRO_HUMAN,5800,KIT_HUMAN,3815,0.73,"in vivo,Affinity Capture-Western,affinity chromatography technology",10397721,"HPRD,BioGRID,I2D"
TEC_HUMAN,7006,KIT_HUMAN,3815,0.9,"in vitro,in vivo,Affinity Capture-Western,Reconstituted Complex,affinity chromatography technology,pull down,fluorescence polarization spectroscopy","7526158,11071635,24728074","HPRD,BioGRID,I2D,IntAct"
GRB7_HUMAN,2886,KIT_HUMAN,3815,0.89,"in vitro,in vivo,Reconstituted Complex,pull down,fluorescence polarization spectroscopy","10377264,12444928,24728074","HPRD,BioGRID,I2D,MINT,IntAct"
GRB10_HUMAN,2887,KIT_HUMAN,3815,0.79,"in vitro,in vivo,Two-hybrid,Reconstituted Complex,Affinity Capture-Western,affinity chromatography technology,pull down",11809791,"HPRD,BioGRID,I2D"
FCG3A_HUMAN,2214,CD38_HUMAN,952,0.85,"in vitro,FRET,fluorescent resonance energy transfer","11895784,16189514","HPRD,BioGRID,I2D,Rual05"
CRKL_HUMAN,1399,KIT_HUMAN,3815,0.88,"in vivo,Reconstituted Complex,Affinity Capture-Western,affinity chromatography technology,pull down","9092574,11071635","HPRD,BioGRID,I2D,STRING"
DOK1_HUMAN,1796,KIT_HUMAN,3815,0.79,"in vitro,in vivo,Affinity Capture-Western,Reconstituted Complex,affinity chromatography technology,pull down",11825908,"HPRD,BioGRID,I2D"
P85B_HUMAN,5296,KIT_HUMAN,3815,0.89,"in vitro,in vivo,Two-hybrid,coimmunoprecipitation,fluorescence polarization spectroscopy,pull down","7537096,10022833,24728074","HPRD,BioGRID,I2D,BIND,MINT,IntAct"
SOCS1_HUMAN,8651,KIT_HUMAN,3815,0.86,"in vivo,Two-hybrid,Affinity Capture-Western,affinity chromatography technology","10022833,29991678","HPRD,BioGRID,I2D,BIND,STRING"
GRAP_HUMAN,10750,KIT_HUMAN,3815,0.86,"in vitro,in vivo,Reconstituted Complex,pull down","8647802,16713569","HPRD,BioGRID,I2D,Lim06"
GRAP2_HUMAN,9402,KIT_HUMAN,3815,0.92,"in vitro,fluorescence polarization spectroscopy,pull down","9872323,24728074",species:Mus musculus (Mouse)
SH2B3_HUMAN,10019,KIT_HUMAN,3815,0.93,"in vitro,fluorescence polarization spectroscopy,pull down","11805142,24728074,18588518",species:Mus musculus (Mouse)
CD81_HUMAN,975,KIT_HUMAN,3815,0.73,"in vivo,Affinity Capture-Western,affinity chromatography technology",12036870,"HPRD,BioGRID,I2D,STRING"
MPDZ_HUMAN,8777,KIT_HUMAN,3815,0.78,"in vitro,Two-hybrid,Reconstituted Complex,pull down",11018522,"HPRD,BioGRID,I2D"
SPRE1_HUMAN,161742,KIT_HUMAN,3815,0.59,in vitro,12646235,species:Mus musculus (Mouse)
LCK_HUMAN,3932,CD38_HUMAN,952,0.78,"in vitro,in vivo,affinity chromatography technology","16189514,10636863,14523017","HPRD,I2D,Rual05,MIPS,BioGRID,STRING"
STAP1_HUMAN,26228,KIT_HUMAN,3815,0.94,"in vitro,in vivo,Two-hybrid,fluorescence polarization spectroscopy,pull down","10679268,24728074",species:Mus musculus (Mouse)
SH2B2_HUMAN,10603,KIT_HUMAN,3815,0.52,in vitro,10872802,"HPRD,I2D"
SPRE2_HUMAN,200734,KIT_HUMAN,3815,0.68,in vivo,"14981116,12646235",species:Mus musculus (Mouse)
FGR_HUMAN,2268,FGR_HUMAN,2268,0.77,"in vitro,in vivo,affinity chromatography technology","7515063,31980649","HPRD,I2D,BioGRID"
CBL_HUMAN,867,FGR_HUMAN,2268,0.83,"in vivo,Affinity Capture-Western,affinity chromatography technology","12435267,7721825","HPRD,BioGRID,I2D,STRING"
FGR_HUMAN,2268,SRC_HUMAN,6714,0.7,"in vitro,pull down","12468645,12387813,7678701,9208935,32707033","HPRD,I2D,STRING,IntAct"
WASP_HUMAN,7454,FGR_HUMAN,2268,0.96,"in vitro,in vivo,Affinity Capture-Western,Reconstituted Complex,pull down,affinity chromatography technology","8824280,10358777,7565724,8805332",species:Saccharomyces cerevisiae (Baker's yeast)
CD24_HUMAN,100133941,FGR_HUMAN,2268,0.73,"in vivo,Affinity Capture-Western,affinity chromatography technology",8753773,"HPRD,BioGRID,I2D"
KSYK_HUMAN,6850,FGR_HUMAN,2268,0.87,"in vitro,in vivo,Affinity Capture-Western,Two-hybrid,affinity chromatography technology","11672534,15536084","HPRD,BioGRID,MINT,I2D,IntAct,STRING"
FAK1_HUMAN,5747,FGR_HUMAN,2268,0.73,"in vivo,Affinity Capture-Western,affinity chromatography technology",12387730,"HPRD,BioGRID,I2D,KEGG,STRING"
PECA1_HUMAN,5175,CD38_HUMAN,952,0.52,in vitro,9551996,"HPRD,I2D"
DAB2_HUMAN,1601,FGR_HUMAN,2268,0.85,"in vitro,Reconstituted Complex,pull down","12473651,16713569","HPRD,BioGRID,I2D,Lim06,STRING"
CCR3_HUMAN,1232,FGR_HUMAN,2268,0.73,"in vivo,Affinity Capture-Western,affinity chromatography technology",10527858,"HPRD,BioGRID,I2D,KEGG,STRING"
FGR_HUMAN,2268,HCLS1_HUMAN,3059,0.83,"in vitro,in vivo,Reconstituted Complex,pull down",10066823,species:Saccharomyces cerevisiae (Baker's yeast)
SLAF1_HUMAN,6504,FGR_HUMAN,2268,0.74,"in vitro,in vivo,Affinity Capture-Western,affinity chromatography technology",10229804,"HPRD,BioGRID,I2D"
SHIP1_HUMAN,3635,FGR_HUMAN,2268,0.52,in vivo,10229804,HPRD
EBP2_HUMAN,10969,FGF3_HUMAN,2248,0.79,"in vitro,in vivo,Two-hybrid,Reconstituted Complex,Affinity Capture-Western,affinity chromatography technology,pull down",11438656,"HPRD,BioGRID,I2D"
DLL4_HUMAN,54567,NOTC4_HUMAN,4855,0.55,"in vitro,in vivo",12814948,"HPRD,I2D"
MAML1_HUMAN,9794,NOTC4_HUMAN,4855,0.88,"in vitro,in vivo,Two-hybrid,Reconstituted Complex,pull down","11101851,11585921","HPRD,BioGRID,I2D"
FBXW7_HUMAN,55294,NOTC4_HUMAN,4855,0.52,in vivo,11585921,"HPRD,I2D"
INS_HUMAN,3630,NOV_HUMAN,4856,0.85,"in vitro,Reconstituted Complex,pull down","10084601,16189514","HPRD,BioGRID,I2D,Rual05"
CD4_HUMAN,920,CD38_HUMAN,952,0.62,in vitro,"7539755,16189514","HPRD,I2D,Rual05,STRING"
NOTC1_HUMAN,4851,NOV_HUMAN,4856,0.88,"in vivo,Affinity Capture-Western,Reconstituted Complex,affinity chromatography technology,pull down","12050162,16713569","HPRD,BioGRID,I2D,Lim06"
DLL1_HUMAN,28514,NOV_HUMAN,4856,0.55,"in vitro,in vivo",12050162,"HPRD,I2D"
S10A4_HUMAN,6275,NOV_HUMAN,4856,0.81,"in vitro,in vivo,Two-hybrid,pull down","12147716,14606958","HPRD,I2D,BioGRID"
NFAC1_HUMAN,4772,PIM1_HUMAN,5292,0.77,"in vitro,in vivo,Biochemical Activity,Affinity Capture-Western,enzymatic study,affinity chromatography technology",11823475,"HPRD,BioGRID,I2D,STRING"
PTPRO_HUMAN,5800,PIM1_HUMAN,5292,0.55,"in vitro,in vivo",11368509,"HPRD,I2D"
SND1_HUMAN,27044,PIM1_HUMAN,5292,0.77,"in vitro,in vivo,Two-hybrid,Affinity Capture-Western,affinity chromatography technology",9809063,"HPRD,BioGRID,I2D"
CBX3_HUMAN,11335,PIM1_HUMAN,5292,0.89,"in vitro,in vivo,Two-hybrid,Biochemical Activity,Reconstituted Complex,Affinity Capture-Western,enzymatic study,affinity chromatography technology,pull down","10664448,16713569","HPRD,BioGRID,I2D,Lim06"
CBX1_HUMAN,10951,PIM1_HUMAN,5292,0.74,"in vitro,in vivo,Affinity Capture-Western,affinity chromatography technology",12111331,"HPRD,BioGRID,I2D"
NHEJ1_HUMAN,79840,NHEJ1_HUMAN,79840,0.88,"in vivo,coimmunoprecipitation,transmission electron microscopy,affinity chromatography technology","16439205,21768349,17567543","HPRD,IntAct,I2D,BioGRID"
FZD5_HUMAN,7855,WNT5A_HUMAN,7474,0.65,"in vivo,imaging technique","9054360,25241761","HPRD,I2D,IntAct,BioGRID"
CO9_HUMAN,735,CD59_HUMAN,966,0.85,"in vitro,Reconstituted Complex,pull down","7523406,1377690","HPRD,BioGRID,I2D"
ROR2_HUMAN,4920,WNT5A_HUMAN,7474,0.59,in vitro,12839624,species:Mus musculus (Mouse)
FZD1_HUMAN,8321,WNT5A_HUMAN,7474,0.73,"in vivo,Affinity Capture-Western,affinity chromatography technology",10557084,"HPRD,BioGRID,I2D,MIPS"
GDIB_HUMAN,2665,RAB8A_HUMAN,4218,0.96,"in vitro,Reconstituted Complex,pull down,anti tag coimmunoprecipitation,anti bait coimmunoprecipitation,biochemical","10512627,16189514,26344197,26824392,25860027,29125462",species:Saccharomyces cerevisiae (Baker's yeast)
OPTN_HUMAN,10133,RAB8A_HUMAN,4218,0.97,"Two-hybrid,Reconstituted Complex,Affinity Capture-Western,affinity chromatography technology,pull down,bimolecular fluorescence complementation,confocal microscopy","11137014,16189514,20634958,20085643,20161783,23357852,20388642,22854040",species:Canis familiaris (Dog)
M4K2_HUMAN,5871,RAB8A_HUMAN,4218,0.78,"in vivo,Two-hybrid,Affinity Capture-Western,Co-fractionation,affinity chromatography technology,biochemical",8643544,"HPRD,BioGRID,I2D"
RPH3L_HUMAN,9501,RAB8A_HUMAN,4218,0.73,"in vivo,Affinity Capture-Western,affinity chromatography technology",12578829,"HPRD,BioGRID"
CO8A_HUMAN,731,CD59_HUMAN,966,0.75,"in vitro,Reconstituted Complex,pull down",7544344,"HPRD,BioGRID,I2D"
SYTL4_HUMAN,94121,RAB8A_HUMAN,4218,0.97,"in vitro,in vivo,Affinity Capture-Western,Reconstituted Complex,affinity chromatography technology,pull down,anti tag coimmunoprecipitation,anti bait coimmunoprecipitation","11773082,12590134,12176990,16189514,23140275,24700782,26553929,26824392,29125462",species:Mus musculus (Mouse)
RIMS2_HUMAN,9699,RAB8A_HUMAN,4218,0.8,"in vitro,Affinity Capture-Western,affinity chromatography technology",12578829,species:Mus musculus (Mouse)
RP3A_HUMAN,22895,RAB8A_HUMAN,4218,0.94,"in vitro,Affinity Capture-Western,affinity chromatography technology,anti tag coimmunoprecipitation","12578829,28514442,33961781",species:Mus musculus (Mouse)
VGFR1_HUMAN,2321,VGFR1_HUMAN,2321,0.68,"in vitro,in vivo,enzymatic study","11513746,7657594","HPRD,I2D,BioGRID"
VGFR2_HUMAN,3791,VGFR1_HUMAN,2321,0.85,"in vivo,Biochemical Activity,enzymatic study,affinity chromatography technology","10865839,12796773,25387128","HPRD,BioGRID,I2D"
VEGFA_HUMAN,7422,VGFR1_HUMAN,2321,0.9,"in vitro,in vivo,x-ray crystallography,coimmunoprecipitation,genetic interference,pull down,cross-linking study,competition binding,enzyme linked immunosorbent assay,solid phase assay,affinity chromatography technology,anti tag coimmunoprecipitation","8621427,17051153,9393862,10543948,8631822,21939755,1312256,20660291,21596751,28514442,18593464,33961781","HPRD,IntAct,DIP,I2D,BIND,BioGRID,KEGG,STRING"
PLCG2_HUMAN,5336,VGFR1_HUMAN,2321,0.65,"in vitro,Two-hybrid",9398617,"HPRD,I2D,STRING"
SHC1_HUMAN,6464,VGFR1_HUMAN,2321,0.67,"in vitro,in vivo,Two-hybrid",10749680,"HPRD,BioGRID,I2D"
PLGF_HUMAN,5228,VGFR1_HUMAN,2321,0.9,"in vitro,Reconstituted Complex,x-ray crystallography,coimmunoprecipitation,pull down,enzyme linked immunosorbent assay","9452434,14684734,8700872,20660291","HPRD,BioGRID,IntAct,DIP,I2D"
VEGFB_HUMAN,7423,VGFR1_HUMAN,2321,0.88,"in vivo,Affinity Capture-Western,Reconstituted Complex,affinity chromatography technology,pull down","9751730,10409677","HPRD,BioGRID,I2D"
GNAI3_HUMAN,2773,CD59_HUMAN,966,0.55,"in vitro,in vivo",8650218,"HPRD,I2D"
ATR_HUMAN,545,VGFR1_HUMAN,2321,0.67,"in vitro,in vivo,Two-hybrid",10749680,"HPRD,I2D,STRING"
ERG_HUMAN,2078,ERG_HUMAN,2078,0.55,"in vitro,in vivo",9681824,"HPRD,I2D"
SPI1_HUMAN,6688,ERG_HUMAN,2078,0.52,in vitro,9681824,"HPRD,I2D"
FLI1_HUMAN,2313,ERG_HUMAN,2078,0.75,"in vitro,bioid","9681824,35140242","HPRD,I2D,BioGRID"
ETV1_HUMAN,2115,ERG_HUMAN,2078,0.52,in vitro,9681824,"HPRD,I2D"
SETB1_HUMAN,9869,ERG_HUMAN,2078,0.81,"in vitro,in vivo,Two-hybrid,anti bait coimmunoprecipitation",11791185,species:Mus musculus (Mouse)
SMAD7_HUMAN,4092,TTF1_HUMAN,7270,0.63,Two-hybrid,15231748,"HPRD,MINT,I2D,Colland04,IntAct,BioGRID"
SOS1_HUMAN,6654,RRAS_HUMAN,6237,0.52,in vivo,11560935,"HPRD,I2D,KEGG,STRING"
ARAF_HUMAN,369,RRAS_HUMAN,6237,0.75,"in vitro,Two-hybrid","10848612,12620389","HPRD,BioGRID,I2D,KEGG,STRING"
NCK1_HUMAN,4690,RRAS_HUMAN,6237,0.89,"in vivo,Two-hybrid,Reconstituted Complex,Affinity Capture-Western,peptide array,affinity chromatography technology,pull down","10671570,17474147","HPRD,BioGRID,IntAct,MINT,I2D,STRING"
CD9_HUMAN,928,CD59_HUMAN,966,0.62,in vitro,"1377690,16189514","HPRD,I2D,Rual05"
EPHB2_HUMAN,2048,RRAS_HUMAN,6237,0.52,in vitro,10570155,"HPRD,I2D"
GNDS_HUMAN,5900,RRAS_HUMAN,6237,0.78,"in vitro,Two-hybrid,Reconstituted Complex,pull down",7809086,"HPRD,BioGRID,I2D"
RASF5_HUMAN,83593,RRAS_HUMAN,6237,0.88,"in vitro,in vivo,Reconstituted Complex,Affinity Capture-Western,affinity chromatography technology,pull down","11857081,16713569","HPRD,BioGRID,I2D,Lim06,STRING"
NAV2_HUMAN,89797,RRAS_HUMAN,6237,0.52,in vitro,15031288,"HPRD,I2D"
RAIN_HUMAN,54922,RRAS_HUMAN,6237,0.65,"in vitro,Two-hybrid",15031288,"HPRD,I2D"
CO4A5_HUMAN,1287,ONCM_HUMAN,5008,0.52,in vitro,11711546,"HPRD,I2D,STRING"
CO4A6_HUMAN,1288,ONCM_HUMAN,5008,0.66,"in vitro,imaging technique","11711546,16189514,25241761","HPRD,I2D,Rual05,IntAct,BioGRID"
IL6RB_HUMAN,3572,ONCM_HUMAN,5008,0.89,"in vitro,pull down,coimmunoprecipitation,affinity chromatography technology,anti tag coimmunoprecipitation","8999038,16051226,26186194,28514442,33961781","HPRD,MINT,DIP,I2D,IntAct,BioGRID"
OSMR_HUMAN,9180,ONCM_HUMAN,5008,0.73,"in vitro,in vivo,pull down","10997905,8999038,17028186","HPRD,I2D,KEGG,STRING,BioGRID"
CD2_HUMAN,914,CD59_HUMAN,966,0.62,in vitro,"1377404,16189514","HPRD,I2D,Rual05"
LYN_HUMAN,4067,LYN_HUMAN,4067,0.87,"in vitro,in vivo,protein kinase assay,enzymatic study,affinity chromatography technology","11943772,9171348,11744621,14993658,11157475,31980649","HPRD,IntAct,I2D,BioGRID"
CBL_HUMAN,867,LYN_HUMAN,4067,0.96,"in vivo,Affinity Capture-Western,coimmunoprecipitation,Two-hybrid,affinity chromatography technology,pull down","12149655,8621719,12244174,9160881,7721825,15190072,7782294,18235045,32707033,33512474",species:Mus musculus (Mouse)
LYN_HUMAN,4067,PLCG1_HUMAN,5335,0.66,"in vitro,in vivo","10586033,8885868,8657103,1689310,7682059,15144186","HPRD,I2D"
PECA1_HUMAN,5175,LYN_HUMAN,4067,0.74,"in vitro,in vivo,Affinity Capture-Western,affinity chromatography technology",10858437,"HPRD,BioGRID,I2D"
CD36_HUMAN,948,LYN_HUMAN,4067,0.87,"in vivo,Affinity Capture-Western,affinity chromatography technology,pull down,anti bait coimmunoprecipitation","1715582,20037584","HPRD,BioGRID,I2D,IntAct"
PTN6_HUMAN,5777,LYN_HUMAN,4067,0.9,"in vitro,in vivo,Reconstituted Complex,pull down,anti bait coimmunoprecipitation,affinity chromatography technology","10574931,11042209,12468540,8114715,8692915,10488096,22624718,10871605","HPRD,BioGRID,I2D,IntAct"
TYK2_HUMAN,7297,LYN_HUMAN,4067,0.75,"in vitro,Reconstituted Complex,pull down",9633884,"HPRD,BioGRID,I2D"
LYN_HUMAN,4067,KPCD_HUMAN,5580,0.62,in vitro,"10945993,7575560","HPRD,I2D"
LYN_HUMAN,4067,BTK_HUMAN,695,0.87,"in vitro,in vivo,Reconstituted Complex,pull down","8058772,11226282,11598012,8629002,8630736","HPRD,BioGRID,I2D,KEGG"
GRIA3_HUMAN,2892,LYN_HUMAN,4067,0.52,in vivo,9892356,"HPRD,I2D"
DEST_HUMAN,11034,ACTG_HUMAN,71,0.92,"in vitro,Two-hybrid,mammalian protein protein interaction trap","8399167,16189514,25416956,32296183",species:Saccharomyces cerevisiae (Baker's yeast)
SRC_HUMAN,6714,CD59_HUMAN,966,0.62,in vivo,"12219031,16189514","HPRD,I2D,Rual05"
MATK_HUMAN,4145,LYN_HUMAN,4067,0.65,"in vitro,in vivo","9171348,1722201","HPRD,I2D"
CD24_HUMAN,100133941,LYN_HUMAN,4067,0.86,"in vivo,Affinity Capture-Western,affinity chromatography technology,anti bait coimmunoprecipitation","8753773,22731636","HPRD,BioGRID,I2D,IntAct"
LYN_HUMAN,4067,KSYK_HUMAN,6850,0.9,"in vitro,in vivo,Affinity Capture-Western,Reconstituted Complex,coimmunoprecipitation,affinity chromatography technology,pull down","7831290,11536198,8621719,9820500","HPRD,BioGRID,DIP,I2D,KEGG"
PDE4A_HUMAN,5141,LYN_HUMAN,4067,0.92,"in vitro,Reconstituted Complex,pull down","10206997,12810716",species:Rattus norvegicus (Rat)
LYN_HUMAN,4067,PLCG2_HUMAN,5336,0.89,"in vitro,Affinity Capture-Western,Reconstituted Complex,affinity chromatography technology,pull down","12181444,7682059,15144186,8395016,10981967","HPRD,BioGRID,I2D"
KPCT_HUMAN,5588,LYN_HUMAN,4067,0.52,in vivo,11358993,"HPRD,I2D"
SHC1_HUMAN,6464,LYN_HUMAN,4067,0.85,"in vitro,Affinity Capture-Western,pull down,affinity chromatography technology","7650013,7516469","HPRD,BioGRID,MINT,I2D,IntAct"
CASP3_HUMAN,836,LYN_HUMAN,4067,0.55,"in vitro,in vivo",11526478,"HPRD,I2D"
HNRPK_HUMAN,3190,LYN_HUMAN,4067,0.84,"in vitro,affinity chromatography technology","7516469,23503679","species:Rattus norvegicus (Rat),Mus musculus (Mouse)"
FAK1_HUMAN,5747,LYN_HUMAN,4067,0.89,"in vivo,Affinity Capture-Western,coimmunoprecipitation,affinity chromatography technology,Two-hybrid","11389892,9169439,25814554","HPRD,BioGRID,MINT,I2D,IntAct"
SC6A8_HUMAN,6535,CD59_HUMAN,966,0.52,in vivo,12219031,"HPRD,I2D"
PRKDC_HUMAN,5591,LYN_HUMAN,4067,0.75,"in vitro,Reconstituted Complex,pull down",9748231,"HPRD,BioGRID,I2D"
FAK2_HUMAN,2185,LYN_HUMAN,4067,0.73,"in vivo,Affinity Capture-Western,affinity chromatography technology",11311138,"HPRD,BioGRID,I2D,KEGG"
PK3CG_HUMAN,5294,LYN_HUMAN,4067,0.85,"in vivo,Affinity Capture-Western,affinity chromatography technology,pull down","10318860,7721825","HPRD,BioGRID,I2D"
LYN_HUMAN,4067,HCLS1_HUMAN,3059,0.95,"in vitro,in vivo,Affinity Capture-Western,anti bait coimmunoprecipitation,affinity chromatography technology,pull down","7682714,9104825,10066823,15795233,16713569",species:Mus musculus (Mouse)
LCP2_HUMAN,3937,LYN_HUMAN,4067,0.79,"in vitro,in vivo,Affinity Capture-Western,Reconstituted Complex,affinity chromatography technology,pull down",10026222,"HPRD,BioGRID,I2D,BIND"
MK03_HUMAN,5595,LYN_HUMAN,4067,0.86,"in vivo,Affinity Capture-Western,affinity chromatography technology,anti bait coimmunoprecipitation","11131153,22731636","HPRD,BioGRID,I2D,IntAct"
LYN_HUMAN,4067,M4K1_HUMAN,11184,0.52,in vitro,11514608,"HPRD,I2D"
KHDR1_HUMAN,10657,LYN_HUMAN,4067,0.89,"in vitro,coimmunoprecipitation,pull down,enzymatic study,affinity chromatography technology,fluorescent resonance energy transfer","7516469,9045636,15190072,22745667","HPRD,IntAct,MINT,I2D,BioGRID"
LYN_HUMAN,4067,RGS16_HUMAN,6004,0.68,"in vitro,in vivo,enzymatic study","12588871,11602604","HPRD,I2D,BioGRID"
UBX11_HUMAN,91544,ZFYV9_HUMAN,9372,0.73,Two-hybrid,"16189514,15231748","HPRD,MINT,I2D,Rual05,Colland04,IntAct,BioGRID"
NCTR1_HUMAN,9437,CD59_HUMAN,966,0.73,"in vivo,Affinity Capture-Western,affinity chromatography technology",14635045,"HPRD,BioGRID,I2D"
LYN_HUMAN,4067,PP1R8_HUMAN,5511,0.67,"in vitro,Biochemical Activity,enzymatic study",11104670,"HPRD,BioGRID,I2D"
NPHN_HUMAN,4868,LYN_HUMAN,4067,0.52,in vivo,12846735,"HPRD,I2D"
DLG4_HUMAN,1742,LYN_HUMAN,4067,0.59,in vivo,9892651,species:Rattus norvegicus (Rat)
BCAR1_HUMAN,9564,LYN_HUMAN,4067,0.9,"in vitro,in vivo,Affinity Capture-Western,affinity chromatography technology","9581808,9020138",species:Mus musculus (Mouse)
U119A_HUMAN,9094,LYN_HUMAN,4067,0.79,"in vitro,in vivo,Reconstituted Complex,Affinity Capture-Western,affinity chromatography technology,pull down",12496276,"HPRD,BioGRID,I2D"
TRAT1_HUMAN,50852,LYN_HUMAN,4067,0.85,"in vitro,Reconstituted Complex,pull down","9687533,10790433","HPRD,BioGRID,I2D"
SKAP1_HUMAN,8631,LYN_HUMAN,4067,0.75,"in vitro,Reconstituted Complex,pull down",9195899,"HPRD,BioGRID,I2D"
SKAP2_HUMAN,8935,LYN_HUMAN,4067,0.93,"in vivo,Affinity Capture-Western,affinity chromatography technology,protein complementation assay","9837776,29568343",species:Mus musculus (Mouse)
LYN_HUMAN,4067,TRPV4_HUMAN,59341,0.77,"in vitro,in vivo,Biochemical Activity,Affinity Capture-Western,enzymatic study,affinity chromatography technology",12538589,"HPRD,BioGRID,I2D"
NCTR3_HUMAN,259197,CD59_HUMAN,966,0.74,"in vitro,in vivo,Affinity Capture-Western,affinity chromatography technology",14635045,"HPRD,BioGRID,I2D"
GAB2_HUMAN,9846,LYN_HUMAN,4067,0.73,"in vivo,Affinity Capture-Western,affinity chromatography technology",11971018,"HPRD,BioGRID,I2D,KEGG"
PRAM_HUMAN,84106,LYN_HUMAN,4067,0.73,"in vivo,Affinity Capture-Western,affinity chromatography technology",11301322,"HPRD,BioGRID,I2D"
GAB3_HUMAN,139716,LYN_HUMAN,4067,0.87,"in vitro,Reconstituted Complex,pull down,affinity chromatography technology","11739737,18235045","HPRD,BioGRID"
PR15A_HUMAN,23645,LYN_HUMAN,4067,0.79,"in vitro,in vivo,Two-hybrid,Affinity Capture-Western,Reconstituted Complex,affinity chromatography technology,pull down",11517336,"HPRD,BioGRID,I2D,MIPS"
LYN_HUMAN,4067,FCG2B_HUMAN,2213,0.7,"in vitro,pull down","8756631,10382761,9232445","HPRD,I2D,MINT,IntAct,BioGRID"
SHIP1_HUMAN,3635,LYN_HUMAN,4067,0.79,"in vitro,in vivo,Affinity Capture-Western,Reconstituted Complex,affinity chromatography technology,pull down",12882960,"HPRD,BioGRID"
CBLC_HUMAN,23624,LYN_HUMAN,4067,0.75,"in vitro,Reconstituted Complex,pull down",10362357,"HPRD,BioGRID,I2D"
BANK1_HUMAN,55024,LYN_HUMAN,4067,0.79,"in vitro,in vivo,Affinity Capture-Western,Reconstituted Complex,affinity chromatography technology,pull down,anti tag coimmunoprecipitation,anti bait coimmunoprecipitation",11782428,"HPRD,BioGRID,I2D,IntAct"
GPVI_HUMAN,51206,LYN_HUMAN,4067,0.9,"in vitro,in vivo,Reconstituted Complex,Affinity Capture-Western,anti bait coimmunoprecipitation,affinity chromatography technology,pull down,phage display","11943772,1715582,12594225,20946164,19940238","HPRD,BioGRID,IntAct,I2D"
EVL_HUMAN,51466,LYN_HUMAN,4067,0.75,"in vitro,Reconstituted Complex,pull down",10945997,"HPRD,BioGRID,I2D"
GRB2_HUMAN,2885,CD72_HUMAN,971,0.62,in vitro,"10820378,16189514","HPRD,I2D,Rual05"
CASL_HUMAN,4739,LYN_HUMAN,4067,0.79,"in vivo,Reconstituted Complex,Affinity Capture-Western,affinity chromatography technology,pull down",9020138,"HPRD,BioGRID,I2D"
CHSTF_HUMAN,51363,LYN_HUMAN,4067,0.52,in vivo,10749872,"HPRD,I2D"
SH2B2_HUMAN,10603,LYN_HUMAN,4067,0.52,in vitro,10872802,"HPRD,I2D"
DOK3_HUMAN,79930,LYN_HUMAN,4067,0.52,in vitro,10733577,"HPRD,I2D"
JUN_HUMAN,3725,JUN_HUMAN,3725,0.99,"in vitro,in vivo,Reconstituted Complex,Two-hybrid,pull down,protein complementation assay,peptide array,anti bait coimmunoprecipitation,tandem affinity purification,nuclear magnetic resonance","12080089,1631061,11278640,16511568,7848298,10488148,8440710,21675959,20102225,25609649,8662824","species:Mus musculus (Mouse),Drosophila melanogaster (Fruit fly)"
SPI1_HUMAN,6688,JUN_HUMAN,3725,0.85,"in vivo,Reconstituted Complex,pull down","12091339,9681824","HPRD,BioGRID,I2D"
PIT1_HUMAN,5449,JUN_HUMAN,3725,0.75,"in vitro,Reconstituted Complex,pull down",8663380,"HPRD,BioGRID,I2D"
MAF_HUMAN,4094,JUN_HUMAN,3725,0.55,"in vitro,in vivo",8108109,"HPRD,I2D"
RB_HUMAN,5925,JUN_HUMAN,3725,0.89,"in vitro,in vivo,Affinity Capture-Western,Reconstituted Complex,Two-hybrid,affinity chromatography technology,pull down","10026157,9545246","HPRD,BioGRID,I2D"
STF1_HUMAN,2516,JUN_HUMAN,3725,0.87,"in vitro,Reconstituted Complex,pull down,anti tag coimmunoprecipitation","10478848,24635384","HPRD,BioGRID,I2D,IntAct"
CD5_HUMAN,921,CD72_HUMAN,971,0.74,"in vitro,in vivo,fluorescence-activated cell sorting,pull down","1711157,8806810","HPRD,IntAct,I2D,STRING,BioGRID"
NFYA_HUMAN,4800,JUN_HUMAN,3725,0.83,"in vivo,Affinity Capture-Western,affinity chromatography technology","11903046,21565167","HPRD,BioGRID,I2D"
SP1_HUMAN,6667,JUN_HUMAN,3725,0.89,"in vitro,in vivo,Reconstituted Complex,affinity chromatography technology,pull down,imaging technique","10506225,16713569,16478997,17215518,33572115,25879517","HPRD,BioGRID,I2D,Lim06"
T2FB_HUMAN,2963,JUN_HUMAN,3725,0.76,"in vitro,in vivo,Reconstituted Complex,pull down",8628277,"HPRD,BioGRID,I2D"
ABL1_HUMAN,25,JUN_HUMAN,3725,0.8,"in vitro,in vivo,affinity chromatography technology,enzymatic study","10637231,19818398,18619508","HPRD,I2D,BioGRID"
TPM1_HUMAN,7168,JUN_HUMAN,3725,0.89,"in vivo,Two-hybrid,anti bait coimmunoprecipitation","1631061,25609649",species:Drosophila melanogaster (Fruit fly)
HCFC1_HUMAN,3054,JUN_HUMAN,3725,0.75,"in vitro,anti bait coimmunoprecipitation","1448082,25609649","HPRD,I2D,IntAct"
TAF1_HUMAN,6872,JUN_HUMAN,3725,0.85,"in vitro,Reconstituted Complex,pull down","11316804,16713569","HPRD,BioGRID,I2D,Lim06"
ANDR_HUMAN,367,JUN_HUMAN,3725,0.9,"in vitro,in vivo,Two-hybrid,Affinity Capture-Western,coimmunoprecipitation,affinity chromatography technology,bioid","9211894,8798722,16713569,33640491","HPRD,BioGRID,DIP,I2D,Lim06,IntAct"
TBP_HUMAN,6908,JUN_HUMAN,3725,0.89,"in vitro,Reconstituted Complex,coimmunoprecipitation,pull down","7848298,16055710,7685215,16713569","HPRD,BioGRID,DIP,I2D,Lim06"
CBP_HUMAN,1387,JUN_HUMAN,3725,0.9,"in vitro,in vivo,Reconstituted Complex,Affinity Capture-Western,affinity chromatography technology,pull down,imaging technique,far western blotting","9786917,2138276,16055710,16713569,9659924,10327051,17296604,15994313,8028671,18443043","HPRD,BioGRID,I2D,Lim06"
PTN6_HUMAN,5777,CD72_HUMAN,971,0.9,"in vitro,in vivo,Affinity Capture-Western,Reconstituted Complex,affinity chromatography technology,pull down","9590210,9740800,15588985,12882840,11114375,16189514","HPRD,BioGRID,I2D,Rual05,KEGG,STRING"
RUNX2_HUMAN,860,JUN_HUMAN,3725,0.89,"in vitro,in vivo,Two-hybrid,Reconstituted Complex,Affinity Capture-Western,affinity chromatography technology,pull down","11641401,11274169","HPRD,BioGRID,I2D"
STAT1_HUMAN,6772,JUN_HUMAN,3725,0.73,"in vivo,Affinity Capture-Western,affinity chromatography technology",10490649,"HPRD,BioGRID,I2D"
STAT4_HUMAN,6775,JUN_HUMAN,3725,0.73,"in vivo,Affinity Capture-Western,affinity chromatography technology",11801649,"HPRD,BioGRID,I2D"
HMGA1_HUMAN,3159,JUN_HUMAN,3725,0.87,"in vitro,Reconstituted Complex,Two-hybrid,pull down","10357819,10428834","HPRD,BioGRID,I2D"
PRKDC_HUMAN,5591,JUN_HUMAN,3725,0.77,"in vitro,enzymatic study,anti bait coimmunoprecipitation","8464713,25609649","HPRD,I2D,BioGRID,IntAct"
SMAD4_HUMAN,4089,JUN_HUMAN,3725,0.83,"in vitro,affinity chromatography technology,tandem affinity purification","10220381,25609649","HPRD,I2D,BioGRID,IntAct"
PIN1_HUMAN,5300,JUN_HUMAN,3725,0.89,"in vitro,in vivo,Reconstituted Complex,Affinity Capture-Western,affinity chromatography technology,pull down","11432833,16713569,29225075","HPRD,BioGRID,I2D,Lim06"
MK08_HUMAN,5599,JUN_HUMAN,3725,0.99,"in vitro,in vivo,Biochemical Activity,Reconstituted Complex,Two-hybrid,protein kinase assay,enzymatic study,pull down,in-gel kinase assay,affinity chromatography technology","8137421,15302935,8654373,8224842,16291755,14633987,9774977,12052834,11479302,8621542,8586671,9207092,16533805,10393177,19527717,18003900,16713569,16983342,16740711,10419510,15894542,22327296,16157600,11108663,14612408,9692890,12228228,19270716,15590691,9808624,20732415,14572659,18957422,16434970,12185592,15749833,15299005,10962563,9575168,20133937,14701799,15958389,14517282,18922473,8846788,16007099,17875713,17363973,13130464,22110360,16549498,10747973,17189706,16166642,16824735,12697749,19910486,18429822,15677475,12963725,8001819,11278395,23816567,11907583,15289320,14557262,10908726,10987838,10464310,25098452,12407442,22904686,9032244,12149229,9990010,12832416,15143066,10585392,7527398,11532856,20514406,10101227,10398438,16142216","species:Rattus norvegicus (Rat),Mus musculus (Mouse)"
"NACA_HUMAN,NACAM_HUMAN,NACA_HUMAN",4666,JUN_HUMAN,3725,0.88,"in vitro,in vivo,Reconstituted Complex,Two-hybrid,pull down,anti bait coimmunoprecipitation","9488446,25609649","HPRD,BioGRID,I2D,IntAct"
SMAD2_HUMAN,4087,JUN_HUMAN,3725,0.89,"in vitro,in vivo,Affinity Capture-Western,affinity chromatography technology,pull down,anti bait coimmunoprecipitation","11371641,10220381,20195357,25609649","HPRD,BioGRID,I2D,IntAct"
SEM4D_HUMAN,10507,CD72_HUMAN,971,0.88,"in vitro,in vivo,Affinity Capture-Western,Reconstituted Complex,affinity chromatography technology,pull down","11114375,12882840","HPRD,BioGRID,I2D,STRING"
TDG_HUMAN,6996,JUN_HUMAN,3725,0.65,"in vivo,Two-hybrid",1631061,"HPRD,I2D"
FOSL2_HUMAN,2355,JUN_HUMAN,3725,0.97,"in vivo,Two-hybrid,affinity chromatography technology,peptide array,anti tag coimmunoprecipitation,anti bait coimmunoprecipitation,tandem affinity purification","11708771,9160889,26186194,20102225,25609649,26496610,28514442,32296183,33961781",species:Drosophila melanogaster (Fruit fly)
SMRD1_HUMAN,6602,JUN_HUMAN,3725,0.75,"in vitro,anti bait coimmunoprecipitation","11053448,25609649","HPRD,I2D,IntAct"
VDR_HUMAN,7421,JUN_HUMAN,3725,0.75,"in vitro,Reconstituted Complex,pull down",10330159,"HPRD,BioGRID,I2D"
MK03_HUMAN,5595,JUN_HUMAN,3725,0.74,"in vivo,Two-hybrid,Biochemical Activity,enzymatic study",1922387,"HPRD,BioGRID,I2D"
SUMO1_HUMAN,7341,JUN_HUMAN,3725,0.93,"in vitro,in vivo,affinity chromatography technology,protein complementation assay,pull down","11867732,15469925,10788439",species:Mus musculus (Mouse)
NCOA3_HUMAN,8202,JUN_HUMAN,3725,0.55,"in vitro,in vivo",11477071,"HPRD,I2D"
NRIP1_HUMAN,8204,JUN_HUMAN,3725,0.76,"in vitro,in vivo,Reconstituted Complex,pull down",12554755,"HPRD,BioGRID,I2D"
TGIF1_HUMAN,7050,JUN_HUMAN,3725,0.79,"in vitro,in vivo,Affinity Capture-Western,Reconstituted Complex,affinity chromatography technology,pull down",11371641,"HPRD,BioGRID,I2D"
NCOA1_HUMAN,8648,JUN_HUMAN,3725,0.89,"in vitro,Reconstituted Complex,Two-hybrid,pull down","9642216,10567404,10847592,16713569","HPRD,BioGRID,I2D,Lim06"
BLNK_HUMAN,29760,CD72_HUMAN,971,0.83,"in vivo,Affinity Capture-Western,affinity chromatography technology","10820378,16189514","HPRD,BioGRID,I2D,Rual05,STRING"
EP300_HUMAN,2033,JUN_HUMAN,3725,0.9,"in vitro,in vivo,affinity chromatography technology,pull down,x-ray crystallography,enzymatic study,imaging technique,anti bait coimmunoprecipitation,biochemical","11689449,11980644,12437352,10327051,21937452,14630807,21268080,24636898,24069158,12471036,27956703","HPRD,I2D,BioGRID,IntAct"
MK09_HUMAN,5601,JUN_HUMAN,3725,0.96,"in vitro,Biochemical Activity,protein kinase assay,enzymatic study,Two-hybrid,pull down","9405416,8945519,16533805,19527717,1922387,10490605,8985011,8654373,8001819,16824735,19910486,17875713,12788955,11278395,17189706,9596579,15637069,18940813,17637567",species:Rattus norvegicus (Rat)
T22D3_HUMAN,1831,JUN_HUMAN,3725,0.75,"in vitro,Reconstituted Complex,pull down",11397794,"HPRD,BioGRID,I2D"
TCF20_HUMAN,6942,JUN_HUMAN,3725,0.75,"in vitro,Reconstituted Complex,pull down",8663478,"HPRD,BioGRID,I2D"
SMAD3_HUMAN,4088,JUN_HUMAN,3725,0.9,"in vitro,in vivo,Two-hybrid,Affinity Capture-Western,Reconstituted Complex,affinity chromatography technology,pull down","9732876,10903323,10220381,11306568,21829441","HPRD,BioGRID"
DHX9_HUMAN,1660,JUN_HUMAN,3725,0.86,"in vitro,Affinity Capture-MS,affinity chromatography technology,anti bait coimmunoprecipitation","11823437,25609649","HPRD,BioGRID,I2D,IntAct"
ATF3_HUMAN,467,JUN_HUMAN,3725,0.97,"in vitro,in vivo,Affinity Capture-Western,Reconstituted Complex,coimmunoprecipitation,affinity chromatography technology,pull down,fluorescent resonance energy transfer,peptide array,anti bait coimmunoprecipitation,tandem affinity purification","8649793,14667575,8622660,1827203,10327051,20304822,23661758,20102225,25609649,26496610",species:Drosophila melanogaster (Fruit fly)
HIF1A_HUMAN,3091,JUN_HUMAN,3725,0.85,"in vivo,Affinity Capture-Western,affinity chromatography technology,imaging technique","11739718,19738058,25879517","HPRD,BioGRID,I2D"
TRIP4_HUMAN,9325,JUN_HUMAN,3725,0.7,"in vivo,Two-hybrid,pull down",12077347,"HPRD,I2D,BioGRID"
MBB1A_HUMAN,10514,JUN_HUMAN,3725,0.75,"in vitro,anti bait coimmunoprecipitation","8302594,25609649","HPRD,I2D,IntAct"
AACT_HUMAN,12,AACT_HUMAN,12,0.52,in vitro,14668352,"HPRD,I2D"
KPCD1_HUMAN,5587,JUN_HUMAN,3725,0.77,"in vivo,Biochemical Activity,enzymatic study","11948398,12628923","HPRD,BioGRID,I2D"
DDX21_HUMAN,9188,JUN_HUMAN,3725,0.89,"in vitro,in vivo,Affinity Capture-MS,Reconstituted Complex,Affinity Capture-Western,coimmunoprecipitation,experimental interaction detection,pull down,affinity chromatography technology,anti bait coimmunoprecipitation","11823437,25609649","HPRD,BioGRID,MINT,I2D,IntAct"
SPIB_HUMAN,6689,JUN_HUMAN,3725,0.75,"in vitro,Reconstituted Complex,pull down",10196196,"HPRD,BioGRID,I2D"
PACS1_HUMAN,55690,JUN_HUMAN,3725,0.55,"in vitro,in vivo",11331585,"HPRD,I2D"
ATF4_HUMAN,468,JUN_HUMAN,3725,0.9,"in vitro,Reconstituted Complex,coimmunoprecipitation,Two-hybrid,pull down,fluorescent resonance energy transfer,imaging technique","1827203,20936779,23661758,25241761","HPRD,BioGRID,DIP,I2D,IntAct"
HHEX_HUMAN,3087,JUN_HUMAN,3725,0.65,"in vitro,Two-hybrid",11551904,"HPRD,I2D"
CSN5_HUMAN,10987,JUN_HUMAN,3725,0.9,"in vitro,Two-hybrid,Affinity Capture-Western,Co-localization,affinity chromatography technology,imaging technique,enzymatic study,pull down,anti bait coimmunoprecipitation","8837781,16713569,10903862,10766246,20093369,25609649","HPRD,BioGRID,I2D,Lim06,IntAct"
MAFB_HUMAN,9935,JUN_HUMAN,3725,0.59,in vitro,12798298,species:Mus musculus (Mouse)
RFWD2_HUMAN,64326,JUN_HUMAN,3725,0.9,"in vivo,Affinity Capture-Western,coimmunoprecipitation,affinity chromatography technology,anti tag coimmunoprecipitation,anti bait coimmunoprecipitation,tandem affinity purification","12615916,14739464,15994960,25117710,25609649,27534417,28514442,33961781,31155351","HPRD,BioGRID,MINT,I2D,BIND,IntAct"
HME1_HUMAN,2019,JUN_HUMAN,3725,0.65,"in vitro,Two-hybrid",11551904,"HPRD,I2D"
TBCB_HUMAN,1155,UBP7_HUMAN,7874,0.75,"pull down,Two-hybrid,affinity chromatography technology",16713569,"HPRD,IntAct,MINT,I2D,Lim06,BioGRID"
CATG_HUMAN,1511,AACT_HUMAN,12,0.78,"in vitro,in vivo,affinity chromatography technology","10512690,9698370,8849841,16189514,33961781","HPRD,I2D,Rual05,BioGRID"
TF2B_HUMAN,2959,JUN_HUMAN,3725,0.75,"in vitro,Reconstituted Complex,pull down",7848298,"HPRD,BioGRID,I2D"
HDAC3_HUMAN,8841,JUN_HUMAN,3725,0.73,"in vivo,Affinity Capture-Western,affinity chromatography technology",12853483,"HPRD,BioGRID,I2D"
UBC9_HUMAN,7329,JUN_HUMAN,3725,0.85,"in vitro,Two-hybrid,enzymatic study","11877416,8733011,16713569,10788439",species:Mus musculus (Mouse)
RBM39_HUMAN,9584,JUN_HUMAN,3725,0.88,"in vitro,Two-hybrid,Reconstituted Complex,pull down,anti bait coimmunoprecipitation","11704680,25609649","HPRD,BioGRID,I2D,IntAct"
MOK_HUMAN,5891,JUN_HUMAN,3725,0.52,in vitro,10421840,"HPRD,I2D"
MAPK5_HUMAN,8550,JUN_HUMAN,3725,0.52,in vitro,9628874,"HPRD,I2D"
BATF_HUMAN,10538,JUN_HUMAN,3725,0.88,"in vitro,Two-hybrid,fluorescent resonance energy transfer,peptide array","8570175,23661758,20102225","HPRD,I2D,BioGRID,IntAct"
CREB5_HUMAN,9586,JUN_HUMAN,3725,0.9,"in vitro,Reconstituted Complex,pull down,affinity chromatography technology,anti bait coimmunoprecipitation,tandem affinity purification,anti tag coimmunoprecipitation","8440710,26186194,25609649,26496610,28514442,33961781,24981860","HPRD,BioGRID,I2D,IntAct"
NELFB_HUMAN,25920,JUN_HUMAN,3725,0.89,"in vitro,in vivo,Affinity Capture-Western,Reconstituted Complex,affinity chromatography technology,pull down,anti bait coimmunoprecipitation","15530430,25609649","HPRD,BioGRID,I2D,IntAct"
TPM2_HUMAN,7169,JUN_HUMAN,3725,0.65,"in vivo,Two-hybrid",1631061,"HPRD,I2D"
CTRL_HUMAN,1506,AACT_HUMAN,12,0.52,in vitro,8267879,"HPRD,I2D"
PIAS1_HUMAN,8554,JUN_HUMAN,3725,0.62,"in vitro,pull down,enzymatic study",11867732,"HPRD,I2D,BioGRID"
RL18A_HUMAN,6142,JUN_HUMAN,3725,0.75,"in vitro,anti bait coimmunoprecipitation","7662174,25609649","HPRD,I2D,IntAct"
JDP2_HUMAN,122953,JUN_HUMAN,3725,0.96,"in vitro,in vivo,Affinity Capture-Western,affinity chromatography technology,anti tag coimmunoprecipitation,anti bait coimmunoprecipitation,tandem affinity purification","9154808,18671972,25609649",species:Mus musculus (Mouse)
SNRK_HUMAN,54861,JUN_HUMAN,3725,0.62,in vitro,"10878360,12087103","HPRD,I2D"
AMPB_HUMAN,6051,ZFYV9_HUMAN,9372,0.63,Two-hybrid,15231748,"HPRD,MINT,I2D,Colland04,IntAct,BioGRID"
FHL2_HUMAN,2274,ZFYV9_HUMAN,9372,0.73,Two-hybrid,"15231748,16713569","HPRD,MINT,I2D,Colland04,Lim06,IntAct,BioGRID"
IF4G1_HUMAN,1981,ZFYV9_HUMAN,9372,0.63,Two-hybrid,15231748,"HPRD,MINT,I2D,Colland04,IntAct,BioGRID"
PKCB1_HUMAN,23613,ZFYV9_HUMAN,9372,0.73,Two-hybrid,"15231748,16713569","HPRD,MINT,I2D,Colland04,Lim06,IntAct,BioGRID"
CHD6_HUMAN,84181,ZFYV9_HUMAN,9372,0.73,Two-hybrid,"15231748,16713569","HPRD,MINT,I2D,Colland04,Lim06,IntAct,BioGRID"
RBBP6_HUMAN,5930,ZFYV9_HUMAN,9372,0.63,Two-hybrid,15231748,"HPRD,MINT,I2D,Colland04,IntAct,BioGRID"
CTRB1_HUMAN,1504,AACT_HUMAN,12,0.65,"in vitro,in vivo","2435303,16189514","HPRD,I2D,Rual05"
MIRO2_HUMAN,89941,ZFYV9_HUMAN,9372,0.73,Two-hybrid,"16189514,15231748","HPRD,MINT,I2D,Rual05,Colland04,IntAct,BioGRID"
SMAD5_HUMAN,4090,SF3B1_HUMAN,23451,0.63,Two-hybrid,15231748,"HPRD,MINT,I2D,Colland04,IntAct,BioGRID"
MK14_HUMAN,1432,JUNB_HUMAN,3726,0.62,in vitro,"9889198,8917518","HPRD,I2D,KEGG,STRING"
SMAD4_HUMAN,4089,JUNB_HUMAN,3726,0.88,"in vitro,Reconstituted Complex,Two-hybrid,pull down","10220381,16189514,15231748","HPRD,BioGRID,MINT,I2D,Rual05,Colland04,IntAct,STRING"
MK08_HUMAN,5599,JUNB_HUMAN,3726,0.85,"in vitro,in vivo,Affinity Capture-Western,affinity chromatography technology","9405416,9889198,8917518","HPRD,BioGRID"
FOSL2_HUMAN,2355,JUNB_HUMAN,3726,0.96,"in vitro,affinity chromatography technology,peptide array,anti tag coimmunoprecipitation,anti bait coimmunoprecipitation,Two-hybrid","14499865,16189514,19321746,26186194,20102225,26496610,28514442,32296183,33961781",species:Drosophila melanogaster (Fruit fly)
SMAD3_HUMAN,4088,JUNB_HUMAN,3726,0.89,"in vitro,in vivo,Two-hybrid,Reconstituted Complex,pull down","10903323,10220381,16189514","HPRD,BioGRID,Rual05,STRING"
BATF_HUMAN,10538,JUNB_HUMAN,3726,0.9,"in vitro,Two-hybrid,fluorescent resonance energy transfer,peptide array,bioluminescence resonance energy transfer,mammalian protein protein interaction trap,affinity chromatography technology","8570175,8954125,18692475,16189514,23661758,25416956,20102225,21516116,29997244,32814053,32296183,31467278,26264872","HPRD,BioGRID,IntAct,I2D,Rual05"
JDP2_HUMAN,122953,JUNB_HUMAN,3726,0.78,"in vitro,in vivo,anti tag coimmunoprecipitation","9154808,18671972,20211142","HPRD,MINT,IntAct"
TBP_HUMAN,6908,JUND_HUMAN,3727,0.62,in vitro,"7848298,16713569","HPRD,I2D,Lim06"
CMA1_HUMAN,1215,AACT_HUMAN,12,0.52,in vitro,8226889,"HPRD,I2D"
NF2L2_HUMAN,4780,JUND_HUMAN,3727,0.52,in vivo,9872330,"HPRD,I2D"
SMAD4_HUMAN,4089,JUND_HUMAN,3727,0.52,in vitro,10220381,"HPRD,I2D"
MK08_HUMAN,5599,JUND_HUMAN,3727,0.89,"in vitro,Reconstituted Complex,affinity chromatography technology,pull down,enzymatic study","12052834,16264271,22327296","HPRD,BioGRID"
FOSL2_HUMAN,2355,JUND_HUMAN,3727,0.94,"in vitro,affinity chromatography technology,peptide array,anti tag coimmunoprecipitation","10713367,12052862,26186194,20102225,26496610,28514442,33961781",species:Drosophila melanogaster (Fruit fly)
MK09_HUMAN,5601,JUND_HUMAN,3727,0.71,"in vitro,enzymatic study,pull down","8945519,8654373","HPRD,BioGRID,KEGG,STRING"
ATF3_HUMAN,467,JUND_HUMAN,3727,0.96,"in vivo,Reconstituted Complex,Affinity Capture-Western,affinity chromatography technology,pull down,peptide array","8152431,20102225,30833792",species:Drosophila melanogaster (Fruit fly)
CSN5_HUMAN,10987,JUND_HUMAN,3727,0.86,"in vitro,Co-localization,imaging technique,affinity chromatography technology,tandem affinity purification","8837781,16713569,21145461","HPRD,BioGRID,I2D,Lim06,IntAct"
RFWD2_HUMAN,64326,JUND_HUMAN,3727,0.88,"in vivo,Affinity Capture-Western,coimmunoprecipitation,affinity chromatography technology,Two-hybrid","12615916,23289756","HPRD,BioGRID,MINT,I2D,IntAct"
BATF_HUMAN,10538,JUND_HUMAN,3727,0.83,"in vitro,Two-hybrid,peptide array","8570175,20102225","HPRD,I2D,IntAct"
JDP2_HUMAN,122953,JUND_HUMAN,3727,0.87,"in vitro,in vivo,Affinity Capture-Western,affinity chromatography technology,anti tag coimmunoprecipitation","9154808,18671972","HPRD,BioGRID,MINT,IntAct"
MMP1_HUMAN,4312,AACT_HUMAN,12,0.55,"in vitro,in vivo",1311327,"HPRD,I2D"
SMAD5_HUMAN,4090,SMAD4_HUMAN,4089,0.87,"Affinity Capture-Western,Two-hybrid,affinity chromatography technology","10531362,16189514,15231748,16516194","HPRD,BioGRID,MINT,I2D,Rual05,Colland04,IntAct"
CEBPB_HUMAN,1051,SPI1_HUMAN,6688,0.75,"in vitro,Reconstituted Complex,pull down",7594592,"HPRD,BioGRID,I2D"
NONO_HUMAN,4841,SPI1_HUMAN,6688,0.85,"in vitro,in vivo,Reconstituted Complex,Affinity Capture-Western,affinity chromatography technology,pull down",8626664,species:Mus musculus (Mouse)
GATA1_HUMAN,2623,SPI1_HUMAN,6688,0.81,"in vitro,in vivo,affinity chromatography technology,pull down","10364157,12202480","HPRD,I2D,BioGRID"
IRF8_HUMAN,3394,SPI1_HUMAN,6688,0.7,"in vitro,pull down","10734131,9593745,11483597,17200120","HPRD,I2D,BioGRID"
IRF4_HUMAN,3662,SPI1_HUMAN,6688,0.89,"in vitro,in vivo,Reconstituted Complex,Co-crystal Structure,x-ray crystallography,pull down","10022840,12372320","HPRD,BioGRID,I2D"
SPIB_HUMAN,6689,SPI1_HUMAN,6688,0.75,"in vitro,Reconstituted Complex,pull down",10196196,"HPRD,BioGRID,I2D"
SMAD5_HUMAN,4090,SMAD1_HUMAN,4086,0.73,Two-hybrid,"16189514,15231748","HPRD,MINT,I2D,Rual05,Colland04,IntAct,BioGRID"
FGFR2_HUMAN,2263,FGF5_HUMAN,2250,0.66,"in vivo,imaging technique","11876253,25241761,18199118","HPRD,I2D,IntAct,KEGG,STRING,BioGRID"
CELA1_HUMAN,1990,AACT_HUMAN,12,0.62,in vitro,"7759598,2456771","HPRD,I2D"
SMAD5_HUMAN,4090,MTMRA_HUMAN,54893,0.63,Two-hybrid,15231748,"HPRD,MINT,I2D,Colland04,IntAct,BioGRID"
OPRK_HUMAN,4986,OPRD_HUMAN,4985,0.52,in vivo,11069979,"HPRD,I2D"
KPCA_HUMAN,5578,OPRD_HUMAN,4985,0.55,"in vitro,in vivo",11085981,"HPRD,I2D"
KPCE_HUMAN,5581,OPRD_HUMAN,4985,0.55,"in vitro,in vivo",11085981,"HPRD,I2D"
KPCD_HUMAN,5580,OPRD_HUMAN,4985,0.55,"in vitro,in vivo",11085981,"HPRD,I2D"
OPRM_HUMAN,4988,OPRD_HUMAN,4985,0.83,"in vivo,Affinity Capture-Western,affinity chromatography technology","11069979,21220103","HPRD,BioGRID,I2D"
KLHL3_HUMAN,26249,OPRD_HUMAN,4985,0.52,in vivo,11259487,"HPRD,I2D"
ELNE_HUMAN,1991,AACT_HUMAN,12,0.77,"in vitro,Biochemical Activity,enzymatic study","8718849,8011628","HPRD,BioGRID,I2D"
NHRF1_HUMAN,9368,OPRK_HUMAN,4986,0.89,"in vitro,in vivo,Reconstituted Complex,Affinity Capture-Western,coimmunoprecipitation,affinity chromatography technology,pull down","12004055,15070904","HPRD,BioGRID,MINT,I2D,IntAct"
CBP_HUMAN,1387,EVI1_HUMAN,2122,0.87,"in vitro,in vivo,Affinity Capture-Western,Biochemical Activity,enzymatic study,affinity chromatography technology","11568182,16713569","HPRD,BioGRID,I2D,Lim06"
HDAC1_HUMAN,3065,EVI1_HUMAN,2122,0.9,"in vitro,in vivo,Affinity Capture-Western,Reconstituted Complex,affinity chromatography technology,pull down","11568182,11552981,16713569,30462309","HPRD,BioGRID,Lim06"
CTBP1_HUMAN,1487,EVI1_HUMAN,2122,0.99,"in vitro,in vivo,Affinity Capture-Western,Reconstituted Complex,affinity chromatography technology,pull down,anti tag coimmunoprecipitation","11313276,11328817,11568182,16713569,26186194,28514442,31041561,35016035,33961781,30462309","species:Mus musculus (Mouse),Drosophila melanogaster (Fruit fly)"
CTBP2_HUMAN,1488,EVI1_HUMAN,2122,0.82,"in vitro,affinity chromatography technology","9724649,30462309",species:Drosophila melanogaster (Fruit fly)
SMAD3_HUMAN,4088,EVI1_HUMAN,2122,0.88,"in vitro,in vivo,Affinity Capture-Western,Reconstituted Complex,affinity chromatography technology,pull down","9665135,15849193","HPRD,BioGRID,I2D"
HDAC4_HUMAN,9759,EVI1_HUMAN,2122,0.74,"in vitro,in vivo,Affinity Capture-Western,affinity chromatography technology",11568182,"HPRD,BioGRID,I2D"
KAT2B_HUMAN,8850,EVI1_HUMAN,2122,0.87,"in vitro,in vivo,Affinity Capture-Western,Biochemical Activity,enzymatic study,affinity chromatography technology","11568182,20363750","HPRD,BioGRID,I2D"
SMAD5_HUMAN,4090,PNKP_HUMAN,11284,0.73,Two-hybrid,"16189514,15231748","HPRD,MINT,I2D,Rual05,Colland04,IntAct,BioGRID"
ZIC1_HUMAN,7545,GLI1_HUMAN,2735,0.85,"in vitro,in vivo,Affinity Capture-Western,Reconstituted Complex,affinity chromatography technology,pull down",11238441,species:Mus musculus (Mouse)
HGFL_HUMAN,4485,AACT_HUMAN,12,0.52,in vitro,11274154,"HPRD,I2D"
ZIC2_HUMAN,7546,GLI1_HUMAN,2735,0.8,"in vitro,Affinity Capture-Western,affinity chromatography technology",11238441,species:Mus musculus (Mouse)
SUFU_HUMAN,51684,GLI1_HUMAN,2735,0.9,"in vitro,in vivo,Affinity Capture-Western,Reconstituted Complex,far western blotting,anti tag coimmunoprecipitation,pull down,fluorescence microscopy,affinity chromatography technology,anti bait coimmunoprecipitation,x-ray crystallography,isothermal titration calorimetry,x ray scattering,imaging technique,tandem affinity purification,Two-hybrid","10559945,12426310,10564661,16189514,21543335,22439934,24217340,25241761,24311597,25609649,27234298,20211142,32296183,31278361,24854174,29249966,29662197,12068298","HPRD,BioGRID,IntAct,I2D,Rual05"
STK36_HUMAN,27148,GLI1_HUMAN,2735,0.87,"in vivo,Affinity Capture-Western,Co-localization,anti tag coimmunoprecipitation,affinity chromatography technology,imaging technique","10806483,25241761","HPRD,BioGRID,IntAct,I2D"
SMAD5_HUMAN,4090,SFPQ_HUMAN,6421,0.63,Two-hybrid,15231748,"HPRD,MINT,I2D,Colland04,IntAct,BioGRID"
ZIC1_HUMAN,7545,GLI2_HUMAN,2736,0.79,"in vitro,in vivo,Affinity Capture-Western,Reconstituted Complex,affinity chromatography technology,pull down",11238441,"HPRD,BioGRID,I2D"
ZIC2_HUMAN,7546,GLI2_HUMAN,2736,0.73,"in vitro,Affinity Capture-Western,affinity chromatography technology",11238441,"HPRD,BioGRID,I2D"
SUFU_HUMAN,51684,GLI2_HUMAN,2736,0.89,"in vitro,Reconstituted Complex,pull down,affinity chromatography technology,bioid","10564661,12068298,33961781,35140242","HPRD,BioGRID,I2D"
STK36_HUMAN,27148,GLI2_HUMAN,2736,0.73,"in vivo,Affinity Capture-Western,affinity chromatography technology",10806483,"HPRD,BioGRID,I2D,STRING"
ZIC3_HUMAN,7547,GLI3_HUMAN,2737,0.92,"in vitro,Reconstituted Complex,pull down","11238441,17764085",species:Mus musculus (Mouse)
CBP_HUMAN,1387,GLI3_HUMAN,2737,0.9,"in vitro,in vivo,Reconstituted Complex,Affinity Capture-Western,affinity chromatography technology,pull down,Two-hybrid","10075717,17000779,32238831","HPRD,BioGRID,I2D"
KLK2_HUMAN,3817,AACT_HUMAN,12,0.87,"in vitro,in vivo,Reconstituted Complex,pull down","9428387,9042371,10209959,16189514","HPRD,BioGRID,I2D,Rual05"
ZIC1_HUMAN,7545,GLI3_HUMAN,2737,0.85,"in vitro,in vivo,Affinity Capture-Western,Reconstituted Complex,affinity chromatography technology,pull down",11238441,species:Mus musculus (Mouse)
SMAD4_HUMAN,4089,GLI3_HUMAN,2737,0.52,in vitro,9843199,"HPRD,I2D"
SMAD2_HUMAN,4087,GLI3_HUMAN,2737,0.52,in vitro,9843199,"HPRD,I2D"
SMAD1_HUMAN,4086,GLI3_HUMAN,2737,0.65,"in vitro,imaging technique","9843199,25241761","HPRD,IntAct,BioGRID"
TWST1_HUMAN,7291,GLI3_HUMAN,2737,0.52,in vitro,12142027,"HPRD,I2D"
ZIC2_HUMAN,7546,GLI3_HUMAN,2737,0.85,"in vivo,Affinity Capture-Western,Reconstituted Complex,affinity chromatography technology,pull down",11238441,species:Mus musculus (Mouse)
SMAD3_HUMAN,4088,GLI3_HUMAN,2737,0.52,in vitro,9843199,HPRD
SUFU_HUMAN,51684,GLI3_HUMAN,2737,0.9,"in vitro,Reconstituted Complex,pull down,x-ray crystallography,protein complementation assay,affinity chromatography technology,bioid","10564661,24311597,29515120,35140242","HPRD,BioGRID,IntAct,I2D"
STK36_HUMAN,27148,GLI3_HUMAN,2737,0.87,"in vivo,Affinity Capture-Western,anti tag coimmunoprecipitation,affinity chromatography technology,imaging technique","10806483,25241761","HPRD,BioGRID,IntAct,I2D"
SMAD4_HUMAN,4089,SKIL_HUMAN,6498,0.9,"in vivo,Affinity Capture-MS,Affinity Capture-Western,Two-hybrid,affinity chromatography technology,tandem affinity purification","10531062,15231748,15761153,12764135,25059663,17469184,25609649,33961781","HPRD,BioGRID,MINT,I2D,Colland04,IntAct"
ERBB2_HUMAN,2064,AACT_HUMAN,12,0.52,in vivo,10829039,"HPRD,I2D"
SMAD2_HUMAN,4087,SKIL_HUMAN,6498,0.89,"in vivo,Affinity Capture-Western,Two-hybrid,affinity chromatography technology,tandem affinity purification","10531062,11691834,15231748,18729074,16959829,12426322,22442258,12764135,25059663,33961781","HPRD,BioGRID,MINT,I2D,Colland04,BIND,IntAct"
SMAD3_HUMAN,4088,SKIL_HUMAN,6498,0.89,"in vivo,Affinity Capture-Western,Two-hybrid,affinity chromatography technology,pull down","10531062,11691834,15231748,11306568,16959829,12426322,22442258,12764135,17469184","HPRD,BioGRID,MINT,I2D,Colland04,IntAct"
CDC16_HUMAN,8881,SKIL_HUMAN,6498,0.52,in vivo,11691834,"HPRD,I2D"
FZR_HUMAN,51343,SKIL_HUMAN,6498,0.73,"in vivo,Affinity Capture-Western,affinity chromatography technology",11691834,"HPRD,BioGRID,I2D"
CPNE1_HUMAN,8904,SKIL_HUMAN,6498,0.52,in vitro,12522145,"HPRD,I2D"
CPNE2_HUMAN,221184,SKIL_HUMAN,6498,0.63,Two-hybrid,12522145,"HPRD,I2D"
CPNE4_HUMAN,131034,SKIL_HUMAN,6498,0.65,"in vitro,Two-hybrid",12522145,"HPRD,I2D"
SMUF2_HUMAN,64750,SKIL_HUMAN,6498,0.73,"in vivo,Affinity Capture-Western,affinity chromatography technology",11389444,"HPRD,BioGRID,I2D"
CBL_HUMAN,867,CBL_HUMAN,867,0.9,"in vitro,in vivo,Co-crystal Structure,Affinity Capture-Western,affinity chromatography technology,x-ray crystallography,enzymatic study,Two-hybrid,far western blotting","8995445,8063801,10078535,15677445,17679095,17635922,10521482,22301280,22266821,12874286,23744067,25814554,25784557,29053960,18996392,31120930,30029779","HPRD,BioGRID,I2D,IntAct"
NHEJ1_HUMAN,79840,DNLI4_HUMAN,3981,0.9,"in vitro,in vivo,Affinity Capture-Western,pull down,coimmunoprecipitation,anti bait coimmunoprecipitation,affinity chromatography technology,molecular sieving,x ray scattering,light scattering,anti tag coimmunoprecipitation","16439205,17567543,22658747,21070942,31548606","HPRD,BioGRID,IntAct,I2D"
ADA1D_HUMAN,146,FLNC_HUMAN,2318,0.63,Two-hybrid,15525470,"HPRD,IntAct,I2D"
KLK3_HUMAN,354,AACT_HUMAN,12,0.66,"in vitro,in vivo","11317942,10759471,8732755,11735417,9261179,16189514,22806587","HPRD,I2D,Rual05,IntAct"
PLCG1_HUMAN,5335,CBL_HUMAN,867,0.97,"in vitro,in vivo,far western blotting,Reconstituted Complex,Affinity Capture-Western,affinity chromatography technology,pull down,fluorescent resonance energy transfer,imaging technique","12061819,9712732,16467851,9234717,17372230,16713569,12803489,16503409,12941616,25241761",species:Bos taurus (Bovine)
PTN6_HUMAN,5777,CBL_HUMAN,867,0.74,"in vitro,in vivo,Affinity Capture-Western,affinity chromatography technology",12176909,"HPRD,BioGRID,I2D,STRING"
TYK2_HUMAN,7297,CBL_HUMAN,867,0.74,"in vitro,in vivo,Affinity Capture-Western,affinity chromatography technology",8780698,"HPRD,BioGRID,I2D,BIND,KEGG,STRING"
ZAP70_HUMAN,7535,CBL_HUMAN,867,0.9,"in vitro,in vivo,Affinity Capture-Western,Co-crystal Structure,affinity chromatography technology,x-ray crystallography,pull down,surface plasmon resonance","11133830,10074432,8798643,10078535,11353765,9407100,16503409,10779765,9988730,22266821,29053960","HPRD,BioGRID,I2D,IntAct"
ITK_HUMAN,3702,CBL_HUMAN,867,0.76,"in vitro,in vivo,Reconstituted Complex,pull down",8810341,"HPRD,BioGRID,I2D"
ABL1_HUMAN,25,CBL_HUMAN,867,0.9,"in vitro,in vivo,Affinity Capture-Western,Biochemical Activity,far western blotting,experimental interaction detection,enzymatic study,affinity chromatography technology,pull down","12475393,11494134,15556646,16713569,20675402,9195915,19823681,10829062,16955467,14604282,19380743,14725908,8626543,9174058","HPRD,BioGRID,MINT,I2D,Lim06,IntAct,STRING"
SRC_HUMAN,6714,CBL_HUMAN,867,0.9,"in vitro,in vivo,anti bait coimmunoprecipitation,pull down,competition binding,protein kinase assay,anti tag coimmunoprecipitation,isothermal titration calorimetry,affinity chromatography technology,enzymatic study","8635998,17141222,18273061,16713569,11994282,17094785,16636290,22203672,7782294,10829062,15135048,19861161,12941616,29899407,18996392,31120930","HPRD,MINT,I2D,Lim06,BioGRID,IntAct,STRING"
NOTC1_HUMAN,4851,CBL_HUMAN,867,0.75,"in vivo,affinity chromatography technology","11777909,26052821","HPRD,I2D,BioGRID,STRING"
BLK_HUMAN,640,CBL_HUMAN,867,0.84,"in vitro,in vivo,coimmunoprecipitation,affinity chromatography technology","8083187,8621719","HPRD,MINT,I2D,BioGRID,IntAct"
BTK_HUMAN,695,CBL_HUMAN,867,0.9,"in vitro,Reconstituted Complex,pull down,affinity chromatography technology,x-ray crystallography","10427990,7629518,9408950,10826882","HPRD,BioGRID,I2D,BIND,STRING"
FA5_HUMAN,2153,AACT_HUMAN,12,0.52,in vitro,8216224,"HPRD,I2D"
SH3K1_HUMAN,30011,CBL_HUMAN,867,0.97,"in vitro,in vivo,Affinity Capture-Western,anti bait coimmunoprecipitation,anti tag coimmunoprecipitation,Two-hybrid,coimmunoprecipitation,nuclear magnetic resonance,pull down,isothermal titration calorimetry,affinity chromatography technology,x-ray crystallography,enzymatic study,biochemical","11894095,12618476,11071869,11894096,12177062,11152963,10679202,15090612,16713569,15962011,15107835,12135478,16407834,15456872,20711168,19268472,20130058,14596919,17072306,17675467,19417776,21830225,16228008,17306257,19531213,22833562,22262777,12874286,25036637,24167568,25472714,28514442,31980649,33627783,25005938,33961781,29589748",species:Mus musculus (Mouse)
KSYK_HUMAN,6850,CBL_HUMAN,867,0.97,"in vitro,in vivo,Reconstituted Complex,Affinity Capture-Western,isothermal titration calorimetry,coimmunoprecipitation,pull down,experimental interaction detection,x-ray crystallography,affinity chromatography technology,enzymatic study,imaging technique","8621719,11133830,9857068,10540342,11331248,12435267,18273061,7721825,15556646,11742985,15577829,10570266,16289966,10617633,11042121,15536084,27614019,31120930",species:Mus musculus (Mouse)
SCN5A_HUMAN,6331,CBL_HUMAN,867,0.52,in vivo,8621719,"HPRD,I2D"
VAV2_HUMAN,7410,CBL_HUMAN,867,0.81,"in vivo,affinity chromatography technology,pull down","11313921,15345594,20940296,11262396","HPRD,I2D,MINT,BioGRID,IntAct,STRING"
NCK1_HUMAN,4690,CBL_HUMAN,867,0.9,"in vitro,in vivo,Affinity Capture-Western,coimmunoprecipitation,phage display,pull down,affinity chromatography technology","7517397,10204582,11494134,10372803,9851874,16503409,10829062,10967110,24287595,33961781","HPRD,BioGRID,MINT,I2D,IntAct,STRING"
SHC1_HUMAN,6464,CBL_HUMAN,867,0.96,"in vitro,in vivo,Affinity Capture-Western,coimmunoprecipitation,pull down,affinity chromatography technology,tandem affinity purification","10570290,8621719,8662998,9234717,9461587,15677445,16713569,19380743,9434624,8950973,9541596,10025673",species:Mus musculus (Mouse)
SHIP2_HUMAN,3636,CBL_HUMAN,867,0.88,"in vivo,Affinity Capture-Western,affinity chromatography technology,tandem affinity purification","12504111,19380743,15668240,19880507","HPRD,BioGRID,IntAct"
SLAP1_HUMAN,6503,CBL_HUMAN,867,0.89,"in vitro,in vivo,Reconstituted Complex,affinity chromatography technology,pull down","10449770,16327786,18193084,17237826","HPRD,BioGRID,I2D"
FAK2_HUMAN,2185,CBL_HUMAN,867,0.84,"in vivo,Affinity Capture-Western,affinity chromatography technology","11149930,15128873,16713569,12771190","HPRD,BioGRID,I2D,Lim06"
UB2G1_HUMAN,7326,CBL_HUMAN,867,0.52,in vitro,11032556,"HPRD,I2D"
DPOLA_HUMAN,5422,AACT_HUMAN,12,0.52,in vitro,3490907,"HPRD,I2D"
LCP2_HUMAN,3937,CBL_HUMAN,867,0.88,"in vivo,Affinity Capture-Western,coimmunoprecipitation,affinity chromatography technology","10204582,9716598,10477741,19635790","HPRD,BioGRID,MINT,I2D,BIND,IntAct,STRING"
CRKL_HUMAN,1399,CBL_HUMAN,867,0.97,"in vitro,in vivo,Affinity Capture-Western,Reconstituted Complex,coimmunoprecipitation,experimental interaction detection,affinity chromatography technology,far western blotting,pull down,anti bait coimmunoprecipitation,Two-hybrid","12244174,9590251,9162067,8621483,8978305,10907644,9820532,11133830,9092574,10204582,9461587,9344843,8662998,15556646,8626543,15107835,16982329,18835194,10657627,9129019,10608804,14604282,9851874,7545163,8524328,9311917,11399323,9195915,16503409,9988765,11263968,15358160,11157475,11553620,24886428,25814554,9660791,33961781",species:Mus musculus (Mouse)
SPY2_HUMAN,10253,CBL_HUMAN,867,0.9,"in vitro,in vivo,Two-hybrid,Reconstituted Complex,Affinity Capture-Western,Co-crystal Structure,anti bait coimmunoprecipitation,anti tag coimmunoprecipitation,x-ray crystallography,isothermal titration calorimetry,affinity chromatography technology,fluorescent resonance energy transfer,coimmunoprecipitation,pull down","11053437,12234920,18273061,17974561,15962011,16893902,12815057,16246327,11983899,12593795,20124286,12593796,20461437,20877636,21596750,16479008,15004239,17255109,20622121","HPRD,BioGRID,MINT,I2D,IntAct"
KHDR1_HUMAN,10657,CBL_HUMAN,867,0.65,"in vivo,coimmunoprecipitation",9045636,"HPRD,IntAct,I2D"
EPHB6_HUMAN,2051,CBL_HUMAN,867,0.52,in vivo,11713248,"HPRD,I2D,STRING"
UB2D2_HUMAN,7322,CBL_HUMAN,867,0.9,"in vitro,Reconstituted Complex,pull down,x-ray crystallography,surface plasmon resonance,enzymatic study","10514377,20675402,18632619,15117950,22301280,22266821,24113870,29643511,28791635,27609087,29326975,33627783,18996392,33617900,31120930","HPRD,BioGRID,I2D,IntAct"
UB2G2_HUMAN,7327,CBL_HUMAN,867,0.52,in vitro,11032556,"HPRD,I2D"
P85B_HUMAN,5296,CBL_HUMAN,867,0.96,"in vivo,Affinity Capture-Western,affinity chromatography technology,tandem affinity purification,Two-hybrid","7629144,11133830,19380743,15107835,19190244,25814554",species:Mus musculus (Mouse)
CD151_HUMAN,977,ITA3_HUMAN,3675,0.9,"in vivo,Reconstituted Complex,pull down,confocal microscopy,anti bait coimmunoprecipitation,anti tag coimmunoprecipitation,affinity chromatography technology","14676841,10734060,10811835,14557253,22495828,33961781","HPRD,BioGRID,I2D,IntAct"
UB2L3_HUMAN,7332,CBL_HUMAN,867,0.9,"in vitro,Reconstituted Complex,Co-crystal Structure,Affinity Capture-Western,x-ray crystallography,affinity chromatography technology,pull down","10966114,10531381,11278816,12234920,16735510,15062086,29643511,18996392","HPRD,BioGRID,MINT,DIP,I2D,IntAct"
CTRC_HUMAN,11330,AACT_HUMAN,12,0.62,in vivo,"9635374,8718849","HPRD,I2D"
CD2AP_HUMAN,23607,CBL_HUMAN,867,0.97,"in vitro,in vivo,Affinity Capture-Western,Reconstituted Complex,Two-hybrid,coimmunoprecipitation,copurification,pull down,affinity chromatography technology,anti tag coimmunoprecipitation,anti bait coimmunoprecipitation,imaging technique","11067845,12618476,15128873,12559036,17020880,22706086,17072306,17188587,12672817,25036637,25872741,33627783",species:Mus musculus (Mouse)
CD151_HUMAN,977,ITB1_HUMAN,3688,0.84,"in vivo,Affinity Capture-Western,affinity chromatography technology","14676841,12175627,22495828,33961781","HPRD,BioGRID,I2D"
SRBS1_HUMAN,10580,CBL_HUMAN,867,0.88,"in vitro,Two-hybrid,Affinity Capture-Western,affinity chromatography technology","11001060,15128873,12504111,17548467","HPRD,BioGRID,I2D"
SLAP2_HUMAN,84174,CBL_HUMAN,867,0.9,"in vitro,in vivo,Affinity Capture-Western,Reconstituted Complex,affinity chromatography technology,pull down,x-ray crystallography,enzymatic study,biochemical","12024036,11891219,17353186,16623714,12527895,11696592,33620036,33617900","HPRD,BioGRID,I2D"
PTN22_HUMAN,26191,CBL_HUMAN,867,0.74,"in vitro,in vivo,anti bait coimmunoprecipitation,affinity chromatography technology",10068674,"HPRD,I2D,IntAct,BioGRID"
SHC1_HUMAN,6464,CD81_HUMAN,975,0.75,"in vivo,affinity chromatography technology","14676841,30024968","HPRD,I2D,BioGRID"
FRS2_HUMAN,10818,CBL_HUMAN,867,0.89,"in vitro,Affinity Capture-Western,Reconstituted Complex,affinity chromatography technology,pull down","11997436,17944804,20038681","HPRD,BioGRID,I2D,STRING"
IF2P_HUMAN,9669,CBL_HUMAN,867,0.52,in vivo,8621719,"HPRD,I2D"
SMAD5_HUMAN,4090,SNRPA_HUMAN,6626,0.73,Two-hybrid,"16189514,15231748","HPRD,MINT,I2D,Rual05,Colland04,IntAct,BioGRID"
DNJC1_HUMAN,64215,AACT_HUMAN,12,0.79,"in vitro,in vivo,Reconstituted Complex,Two-hybrid,affinity chromatography technology,pull down",14668352,"HPRD,BioGRID,IntAct,I2D"
CDKL2_HUMAN,8999,CBL_HUMAN,867,0.52,in vivo,7721825,"HPRD,I2D"
UBS3B_HUMAN,84959,CBL_HUMAN,867,0.86,"in vitro,Two-hybrid,affinity chromatography technology,pull down","15159412,17880946,19380743,17675467,16429130","HPRD,I2D,BioGRID"
PGTB1_HUMAN,5229,RHOB_HUMAN,388,0.63,in vitro,"7713879,1400319,15451670","HPRD,I2D"
PDE6D_HUMAN,5147,RHOB_HUMAN,388,0.65,"in vivo,Two-hybrid",11786539,"HPRD,BioGRID,I2D"
GDIR3_HUMAN,398,RHOB_HUMAN,388,0.63,Two-hybrid,8939998,"HPRD,BioGRID,I2D"
RHPN2_HUMAN,85415,RHOB_HUMAN,388,0.87,"in vitro,in vivo,Two-hybrid,Affinity Capture-Western,affinity chromatography technology","12473120,31871319","HPRD,BioGRID,I2D"
ARHG3_HUMAN,50650,RHOB_HUMAN,388,0.78,"in vivo,Biochemical Activity,Reconstituted Complex,enzymatic study,pull down",12221096,"HPRD,BioGRID,I2D"
ROCK1_HUMAN,6093,RHOC_HUMAN,389,0.76,"in vivo,affinity chromatography technology","8816443,34285210,31871319","HPRD,I2D,BioGRID"
RTKN_HUMAN,6242,RHOC_HUMAN,389,0.87,"Two-hybrid,affinity chromatography technology,anti tag coimmunoprecipitation","8662891,16189514,28514442,33961781","HPRD,I2D,Rual05,BioGRID,IntAct"
CTRO_HUMAN,11113,RHOC_HUMAN,389,0.83,"in vitro,Two-hybrid,affinity chromatography technology","8543060,31871319","HPRD,BioGRID,I2D"
ATN1_HUMAN,1822,PSA3_HUMAN,5684,0.63,Two-hybrid,16713569,"HPRD,IntAct,MINT,I2D,Lim06,BioGRID"
RHOA_HUMAN,387,RHOA_HUMAN,387,0.78,"in vitro,chromatography technology,affinity chromatography technology","15069594,16189514,9748241,31980649","HPRD,I2D,Rual05,IntAct,BioGRID"
PLCG1_HUMAN,5335,RHOA_HUMAN,387,0.79,"in vitro,in vivo,Affinity Capture-Western,Reconstituted Complex,affinity chromatography technology,pull down",12071848,"HPRD,BioGRID,I2D"
KCNA2_HUMAN,3737,RHOA_HUMAN,387,0.79,"in vivo,Two-hybrid,Affinity Capture-Western,Reconstituted Complex,affinity chromatography technology,pull down",9635436,"HPRD,BioGRID,I2D"
KPCA_HUMAN,5578,RHOA_HUMAN,387,0.52,in vivo,11284700,"HPRD,I2D"
TGM2_HUMAN,7052,RHOA_HUMAN,387,0.62,in vivo,"11350930,16189514","HPRD,I2D,Rual05"
FLNA_HUMAN,2316,RHOA_HUMAN,387,0.52,in vivo,10051605,"HPRD,I2D"
OPHN1_HUMAN,4983,RHOA_HUMAN,387,0.77,"in vitro,Biochemical Activity,enzymatic study","11998687,9582072","HPRD,BioGRID,I2D"
MCF2_HUMAN,4168,RHOA_HUMAN,387,0.89,"in vitro,Reconstituted Complex,pull down,anti tag coimmunoprecipitation,fluorescent resonance energy transfer,affinity chromatography technology","10854437,32203420","HPRD,BioGRID,I2D,IntAct"
KTN1_HUMAN,3895,RHOA_HUMAN,387,0.85,"in vitro,in vivo,Two-hybrid,affinity chromatography technology","8769096,11689693,12773565,11162552,31871319","HPRD,BioGRID,I2D"
VAV2_HUMAN,7410,RHOA_HUMAN,387,0.75,"in vivo,affinity chromatography technology","11909943,31871319","HPRD,I2D,BioGRID"
ATN1_HUMAN,1822,PERQ1_HUMAN,64599,0.63,Two-hybrid,16713569,"HPRD,IntAct,MINT,I2D,Lim06,BioGRID"
PKN1_HUMAN,5585,RHOA_HUMAN,387,0.9,"in vitro,in vivo,Reconstituted Complex,Two-hybrid,far western blotting,x-ray crystallography,pull down,affinity chromatography technology","9446575,8571127,10619026,12773565,9535835,16189514,31871319","HPRD,BioGRID,IntAct,I2D,Rual05"
DGKQ_HUMAN,1609,RHOA_HUMAN,387,0.79,"in vitro,in vivo,Affinity Capture-Western,Reconstituted Complex,affinity chromatography technology,pull down",10066731,"HPRD,BioGRID,I2D"
KAPCA_HUMAN,5566,RHOA_HUMAN,387,0.77,"in vitro,in vivo,affinity chromatography technology","12654918,31871319","HPRD,I2D,BioGRID"
ROCK1_HUMAN,6093,RHOA_HUMAN,387,0.97,"in vitro,Two-hybrid,Reconstituted Complex,Affinity Capture-Western,far western blotting,x-ray crystallography,affinity chromatography technology,pull down","8798490,12773565,8816443,14660612,21281639,31871319,31431478",species:Mus musculus (Mouse)
TRIO_HUMAN,7204,RHOA_HUMAN,387,0.9,"in vitro,Affinity Capture-Western,Reconstituted Complex,Co-localization,affinity chromatography technology,imaging technique,pull down,biochemical","10948190,26344197,31871319","HPRD,BioGRID,I2D"
GDIR1_HUMAN,396,RHOA_HUMAN,387,0.97,"in vitro,in vivo,Affinity Capture-MS,copurification,Affinity Capture-Western,Two-hybrid,anti bait coimmunoprecipitation,x-ray crystallography,affinity chromatography technology,pull down,biochemical","11149925,10489445,17353931,15659383,9490022,11368848,16189514,20711218,20628200,25416956,26344197,14749388,26719334,31871319,30287810",species:Saccharomyces cerevisiae (Baker's yeast)
MYPT1_HUMAN,4659,RHOA_HUMAN,387,0.84,"in vitro,in vivo,anti bait coimmunoprecipitation,biochemical","9354661,22939629","HPRD,I2D,BioGRID,IntAct"
RTKN_HUMAN,6242,RHOA_HUMAN,387,0.96,"in vitro,Two-hybrid,Reconstituted Complex,Affinity Capture-Western,pull down,affinity chromatography technology","8662891,14506264,12593858,19805522,12879077,18256687,16189514,19944695,16630611,22621765,22705156,15075243,19696020,14749388,22693251,26825171,19147496,25150978,31871319,27775029",species:Mus musculus (Mouse)
CNTP1_HUMAN,8506,RHOA_HUMAN,387,0.85,"in vitro,Reconstituted Complex,pull down","9407060,9535855","HPRD,BioGRID,I2D"
PLD1_HUMAN,5337,RHOA_HUMAN,387,0.9,"in vitro,in vivo,Biochemical Activity,Reconstituted Complex,Affinity Capture-Western,enzymatic study,affinity chromatography technology,pull down","11311142,12593858,9565577,31871319","HPRD,BioGRID,I2D"
CATB_HUMAN,1508,SLPI_HUMAN,6590,0.52,in vitro,11435427,"HPRD,I2D"
PKN2_HUMAN,5586,RHOA_HUMAN,387,0.9,"in vitro,in vivo,Reconstituted Complex,far western blotting,pull down,affinity chromatography technology,anti tag coimmunoprecipitation","8910519,9121475,9446575,28514442,31871319,33961781","HPRD,BioGRID,I2D,IntAct"
PDE6D_HUMAN,5147,RHOA_HUMAN,387,0.75,"in vivo,Two-hybrid","11786539,16189514","HPRD,BioGRID,I2D,Rual05"
RHG01_HUMAN,392,RHOA_HUMAN,387,0.9,"in vitro,Biochemical Activity,Reconstituted Complex,x-ray crystallography,Two-hybrid,enzymatic study,affinity chromatography technology,pull down","9407060,9548756,9535855,11927263,16189514,20660160,14749388,31467278,31871319","HPRD,BioGRID,IntAct,I2D,Rual05,BIND,MINT"
GDIR2_HUMAN,397,RHOA_HUMAN,387,0.82,"in vivo,biochemical","9799233,26344197",species:Caenorhabditis elegans
GDIR3_HUMAN,398,RHOA_HUMAN,387,0.87,"in vitro,Reconstituted Complex,pull down,biochemical","9113980,26344197","HPRD,BioGRID,I2D"
AKP13_HUMAN,11214,RHOA_HUMAN,387,0.88,"in vivo,Affinity Capture-Western,affinity chromatography technology,fluorescent resonance energy transfer","12423633,11696353,19696020,31871319,32203420","HPRD,BioGRID,I2D"
PRAF1_HUMAN,10567,RHOA_HUMAN,387,0.75,"in vivo,Two-hybrid","11335720,16189514","HPRD,I2D,Rual05"
ARHG4_HUMAN,50649,RHOA_HUMAN,387,0.88,"in vitro,Reconstituted Complex,pull down,fluorescent resonance energy transfer","10947987,32203420","HPRD,BioGRID,I2D"
VAV3_HUMAN,10451,RHOA_HUMAN,387,0.88,"in vitro,Reconstituted Complex,pull down,fluorescent resonance energy transfer","10523675,32203420","HPRD,BioGRID,I2D"
ARHGC_HUMAN,23365,RHOA_HUMAN,387,0.9,"in vitro,in vivo,Reconstituted Complex,x-ray crystallography,anti tag coimmunoprecipitation,pull down,affinity chromatography technology,fluorescent resonance energy transfer","11373293,12515866,15364580,20300064,23405219,28514442,31871319,33961781,32203420","HPRD,BioGRID,IntAct,I2D,MINT"
CATS_HUMAN,1520,SLPI_HUMAN,6590,0.52,in vitro,11435427,"HPRD,I2D"
CTRO_HUMAN,11113,RHOA_HUMAN,387,0.9,"in vitro,Two-hybrid,Reconstituted Complex,far western blotting,pull down,affinity chromatography technology","8543060,12773565,31871319","HPRD,BioGRID,I2D"
ARHGB_HUMAN,9826,RHOA_HUMAN,387,0.9,"in vitro,Biochemical Activity,Reconstituted Complex,x-ray crystallography,enzymatic study,anti tag coimmunoprecipitation,Two-hybrid,pull down,affinity chromatography technology,molecular sieving,fluorescent resonance energy transfer","10526156,15530360,20300064,21988832,28514442,31871319,33961781,32203420","HPRD,BioGRID,IntAct,I2D,MINT"
ICMT_HUMAN,23463,RHOA_HUMAN,387,0.67,"in vitro,Biochemical Activity,enzymatic study",9614111,"HPRD,BioGRID,I2D"
SRGP1_HUMAN,57522,RHOA_HUMAN,387,0.76,"in vivo,affinity chromatography technology","11672528,16189514,20856855","HPRD,I2D,Rual05,BioGRID"
DAAM1_HUMAN,23002,RHOA_HUMAN,387,0.9,"in vitro,in vivo,anti tag coimmunoprecipitation,surface plasmon resonance,anti bait coimmunoprecipitation,pull down,imaging technique,affinity chromatography technology","11779461,16630611,18218625,25241761,28514442,18162551,31871319,33961781","HPRD,MINT,I2D,IntAct,BioGRID"
RHPN2_HUMAN,85415,RHOA_HUMAN,387,0.85,"in vitro,in vivo,Two-hybrid,affinity chromatography technology","12221077,12773565,31871319","HPRD,BioGRID,I2D"
3BP1_HUMAN,23616,RHOA_HUMAN,387,0.62,in vitro,"9548756,16189514","HPRD,I2D,Rual05"
ARHG2_HUMAN,9181,RHOA_HUMAN,387,0.89,"in vitro,Biochemical Activity,enzymatic study,affinity chromatography technology,Two-hybrid,anti tag coimmunoprecipitation","9857026,16189514,22072711,28514442,32296183,31871319,33961781","HPRD,BioGRID,I2D,Rual05,IntAct"
DEFI6_HUMAN,50619,RHOA_HUMAN,387,0.85,"in vitro,Reconstituted Complex,pull down","15023524,16189514","HPRD,BioGRID,I2D,Rual05"
GMIP_HUMAN,51291,RHOA_HUMAN,387,0.79,"in vitro,in vivo,fluorescent resonance energy transfer","12093360,32203420","HPRD,I2D,BioGRID"
CATL1_HUMAN,1514,SLPI_HUMAN,6590,0.52,in vitro,11435427,"HPRD,I2D"
GDS1_HUMAN,5910,RHOA_HUMAN,387,0.9,"in vitro,Two-hybrid,Reconstituted Complex,pull down,affinity chromatography technology,anti tag coimmunoprecipitation","11948427,16189514,20709748,28514442,31980649,31871319,33961781","HPRD,BioGRID,I2D,Rual05,IntAct"
TRPC1_HUMAN,7220,RHOA_HUMAN,387,0.79,"in vitro,in vivo,Affinity Capture-Western,Reconstituted Complex,affinity chromatography technology,pull down",12766172,"HPRD,BioGRID,I2D"
CNKR1_HUMAN,10256,RHOA_HUMAN,387,0.9,"in vitro,in vivo,Two-hybrid,anti tag coimmunoprecipitation,bioluminescence resonance energy transfer,affinity chromatography technology,pull down","14749388,15670823,16189514","HPRD,IntAct,MINT,I2D,Rual05,BioGRID"
ARHGI_HUMAN,23370,RHOA_HUMAN,387,0.75,"in vitro,Reconstituted Complex,pull down",11085924,"HPRD,BioGRID"
ARHG3_HUMAN,50650,RHOA_HUMAN,387,0.78,"in vivo,Biochemical Activity,Reconstituted Complex,enzymatic study,pull down",12221096,"HPRD,BioGRID,I2D"
MCF2L_HUMAN,23263,RHOA_HUMAN,387,0.89,"in vitro,Co-crystal Structure,x-ray crystallography,fluorescent resonance energy transfer","12006984,32203420","HPRD,BioGRID,I2D,BIND"
